s,grade,grade_s,grade_ss,bank,bank_s,bank_ss
0,0.008651608,0.000808758,4.06E-08,-0.034589899,1.71E-05,6.79E-07
3.81405223,0.007340298,0.000772664,3.82E-08,-0.034396742,1.69E-05,6.79E-07
7.62810446,0.008234114,0.000721886,3.56E-08,-0.03436965,1.58E-05,6.79E-07
11.4421567,0.009571864,0.00067093,3.46E-08,-0.034416806,1.26E-05,6.79E-07
15.2562089,0.011092015,0.000619651,3.45E-08,-0.034534854,8.44E-06,6.79E-07
19.0702612,0.012518489,0.000568207,3.45E-08,-0.034701092,4.11E-06,6.79E-07
22.8843134,0.013794172,0.000516932,3.45E-08,-0.034853643,-1.81E-07,6.79E-07
26.6983656,0.015280573,0.00046549,3.45E-08,-0.035008221,-4.49E-06,6.79E-07
30.5124178,0.01690107,0.000436031,3.45E-08,-0.035180914,-8.77E-06,6.79E-07
34.3264701,0.018596312,0.000438043,3.45E-08,-0.035328044,-1.31E-05,6.79E-07
38.1405223,0.020320345,0.00044006,3.44E-08,-0.035341908,-1.73E-05,4.68E-07
41.9545745,0.021944797,0.000442081,3.41E-08,-0.035168546,-2.17E-05,-3.18E-07
45.7686268,0.023778574,0.000444087,3.38E-08,-0.03498875,-2.59E-05,-1.04E-06
49.582679,0.02552306,0.000446086,3.38E-08,-0.034855366,-3.02E-05,-1.04E-06
53.3967312,0.027124425,0.000448113,3.38E-08,-0.034791153,-3.45E-05,-1.04E-06
57.2107835,0.028784485,0.000450136,3.38E-08,-0.034847896,-3.89E-05,-1.04E-06
61.0248357,0.030607549,0.000452158,3.38E-08,-0.035034504,-4.31E-05,-1.04E-06
64.8388879,0.032523433,0.000454187,3.38E-08,-0.035294124,-4.75E-05,-1.04E-06
68.6529401,0.034464785,0.000456208,3.38E-08,-0.035547312,-5.18E-05,-1.04E-06
72.4669924,0.036429245,0.000458222,3.38E-08,-0.035765,-5.61E-05,-1.04E-06
76.2810446,0.038037899,0.000460219,3.38E-08,-0.035933833,-6.03E-05,-1.04E-06
80.0950968,0.039223424,0.000462218,3.38E-08,-0.036110343,-6.46E-05,-1.04E-06
83.9091491,0.040639644,0.000464239,3.38E-08,-0.036309769,-6.89E-05,-1.04E-06
87.7232013,0.042424227,0.000466284,3.38E-08,-0.036467935,-7.33E-05,-1.04E-06
91.5372535,0.044238451,0.000468331,3.38E-08,-0.03665386,-7.07E-05,-1.04E-06
95.3513058,0.045959032,0.00047038,3.46E-08,-0.036945157,-5.33E-05,8.99E-07
99.165358,0.047840227,0.000472403,3.64E-08,-0.037185405,-3.61E-05,5.05E-06
102.97941,0.049777946,0.000464279,-1.63E-06,-0.037246101,-1.90E-05,5.05E-06
106.793462,0.051468401,0.000430527,-7.29E-06,-0.037090994,-1.95E-06,5.05E-06
110.607515,0.052939435,0.000388781,-1.18E-05,-0.036812837,1.53E-05,5.05E-06
114.421567,0.054313129,0.00034705,-1.18E-05,-0.036489941,3.29E-05,5.03E-06
118.235619,0.055536679,0.000305255,-1.18E-05,-0.036151831,5.07E-05,5.00E-06
122.049671,0.056538711,0.000263151,-1.18E-05,-0.035786497,6.85E-05,4.96E-06
125.863724,0.057445763,0.000220852,-1.19E-05,-0.035355674,8.63E-05,4.90E-06
129.677776,0.058251684,0.00017815,-1.19E-05,-0.034829436,0.000103882,4.85E-06
133.491828,0.059087315,0.000134657,-1.19E-05,-0.034273324,0.000121201,4.80E-06
137.30588,0.059843101,9.12E-05,-1.19E-05,-0.03379728,0.00013808,4.76E-06
141.119933,0.060366545,4.78E-05,-1.19E-05,-0.033349414,0.000154586,4.72E-06
144.933985,0.060781896,5.05E-06,-1.20E-05,-0.032838761,0.000170538,4.68E-06
148.748037,0.06082954,-3.78E-05,-1.20E-05,-0.032208373,0.000186273,4.65E-06
152.562089,0.060538316,-8.07E-05,-1.20E-05,-0.031453916,0.000201843,4.63E-06
156.376141,0.060022135,-0.000123519,-1.20E-05,-0.03057303,0.000217282,4.61E-06
160.190194,0.059543059,-0.000166461,-1.20E-05,-0.029649018,0.000232689,4.59E-06
164.004246,0.058984967,-0.000209377,-1.20E-05,-0.028695386,0.00024808,4.58E-06
167.818298,0.058176749,-0.000251789,-1.18E-05,-0.027702239,0.000252042,9.72E-07
171.63235,0.056949884,-0.000292432,-1.06E-05,-0.026710216,0.00021154,-1.29E-05
175.446403,0.055636627,-0.00033303,-6.15E-06,-0.025779307,0.000171134,-1.28E-05
179.260455,0.054506301,-0.000363688,1.34E-06,-0.025017969,0.000131441,-1.25E-05
183.074507,0.053375132,-0.000358945,1.32E-06,-0.024474675,9.39E-05,-1.25E-05
186.888559,0.052236,-0.000354252,1.30E-06,-0.024312098,5.64E-05,-1.25E-05
190.702612,0.050910097,-0.000349644,1.28E-06,-0.024480215,1.88E-05,-1.25E-05
194.516664,0.049551599,-0.000345118,1.25E-06,-0.024850214,-1.93E-05,-1.25E-05
198.330716,0.048211686,-0.0003408,1.21E-06,-0.025404278,-5.74E-05,-1.25E-05
202.144768,0.046831233,-0.000336732,1.11E-06,-0.026069187,-9.55E-05,-9.77E-06
205.95882,0.045282491,-0.000333159,8.05E-07,-0.026859096,-0.000124536,1.90E-06
209.772873,0.043723887,-0.000330555,8.14E-07,-0.027610107,-0.000116579,1.89E-06
213.586925,0.042204086,-0.000327953,8.23E-07,-0.02826662,-0.000108522,1.89E-06
217.400977,0.040966588,-0.000325375,8.32E-07,-0.028784569,-0.000100459,1.89E-06
221.215029,0.039806864,-0.000322741,8.43E-07,-0.029095904,-9.24E-05,1.88E-06
225.029082,0.038802766,-0.000320022,8.18E-07,-0.029204634,-8.43E-05,1.88E-06
228.843134,0.037671661,-0.0003171,6.96E-07,-0.029288545,-7.63E-05,1.87E-06
232.657186,0.03654381,-0.000314024,7.02E-07,-0.029483725,-6.89E-05,1.87E-06
236.471238,0.035446175,-0.000310843,7.06E-07,-0.029818378,-6.19E-05,1.87E-06
240.28529,0.034301707,-0.000307628,7.07E-07,-0.030263963,-5.53E-05,1.87E-06
244.099343,0.03301972,-0.00030434,7.07E-07,-0.030672157,-4.91E-05,1.87E-06
247.913395,0.031520438,-0.000301018,7.05E-07,-0.03083766,-4.30E-05,1.87E-06
251.727447,0.030077697,-0.000297652,7.04E-07,-0.030776009,-3.68E-05,1.87E-06
255.541499,0.028817618,-0.000294259,7.02E-07,-0.030693056,-3.07E-05,1.87E-06
259.355552,0.027591986,-0.000290743,7.00E-07,-0.030675437,-2.46E-05,1.87E-06
263.169604,0.026676359,-0.000287246,6.99E-07,-0.030712526,-1.86E-05,1.87E-06
266.983656,0.025866325,-0.000283769,6.97E-07,-0.030763877,-1.26E-05,1.87E-06
270.797708,0.025091098,-0.000280247,6.95E-07,-0.030854597,-6.46E-06,1.88E-06
274.611761,0.024181039,-0.000276732,6.93E-07,-0.030971119,-3.34E-07,1.88E-06
278.425813,0.023084379,-0.000272918,6.91E-07,-0.031065365,5.79E-06,1.88E-06
282.239865,0.021675712,-0.000267803,6.90E-07,-0.031117297,1.19E-05,1.88E-06
286.053917,0.02027926,-0.000262717,6.88E-07,-0.03104545,1.81E-05,1.88E-06
289.867969,0.019230706,-0.00025764,6.86E-07,-0.030935795,2.42E-05,1.85E-06
293.682022,0.018583779,-0.000252564,6.84E-07,-0.03089059,3.04E-05,1.73E-06
297.496074,0.018099247,-0.000247508,6.82E-07,-0.030846043,3.25E-05,1.73E-06
301.310126,0.017593434,-0.000242468,6.80E-07,-0.030880378,1.92E-05,1.73E-06
305.124178,0.016807945,-0.000237468,6.83E-07,-0.030972925,6.16E-06,2.92E-07
308.938231,0.01563023,-0.000232423,6.98E-07,-0.030991892,-6.97E-06,-5.58E-06
312.752283,0.014225949,-0.000227334,1.49E-06,-0.030808347,-2.02E-05,-6.15E-06
316.566335,0.012808416,-0.000222131,4.72E-06,-0.030443896,-3.36E-05,-6.14E-06
320.380387,0.011562507,-0.000216913,4.73E-06,-0.030174443,-4.69E-05,-6.13E-06
324.19444,0.010646085,-0.000211728,4.73E-06,-0.030070654,-6.01E-05,-6.13E-06
328.008492,0.010015822,-0.000206523,4.74E-06,-0.03015322,-7.33E-05,-6.12E-06
331.822544,0.009607263,-0.000201278,4.74E-06,-0.030405353,-8.65E-05,-6.12E-06
335.636596,0.009371926,-0.000195957,3.15E-06,-0.030829483,-9.98E-05,-6.13E-06
339.450648,0.009115538,-0.000190683,-2.80E-06,-0.031423395,-0.000112921,-6.19E-06
343.264701,0.008549478,-0.000187954,-2.80E-06,-0.032202641,-0.000126067,-6.19E-06
347.078753,0.007697373,-0.000195121,-2.83E-06,-0.033030725,-0.000132957,-3.20E-06
350.892805,0.006755181,-0.00020267,-2.97E-06,-0.033692045,-0.000116317,7.66E-06
354.706857,0.00582859,-0.000210229,-2.98E-06,-0.034281877,-9.97E-05,7.66E-06
358.52091,0.005016228,-0.000217715,-2.98E-06,-0.03482909,-8.34E-05,7.66E-06
362.334962,0.004411842,-0.000225236,-2.99E-06,-0.035312897,-6.70E-05,7.65E-06
366.149014,0.003819738,-0.000232828,-3.00E-06,-0.035545489,-5.05E-05,7.65E-06
369.963066,0.003028915,-0.000240549,-3.00E-06,-0.035545597,-3.39E-05,7.65E-06
373.777119,0.002083222,-0.00024827,-3.01E-06,-0.035363871,-1.72E-05,7.65E-06
377.591171,0.001051066,-0.000255903,-3.01E-06,-0.03510371,-8.29E-07,7.65E-06
381.405223,-7.67E-05,-0.000263559,-3.02E-06,-0.034871697,1.56E-05,7.64E-06
385.219275,-0.001151341,-0.000271274,-3.02E-06,-0.034687459,3.20E-05,7.64E-06
389.033327,-0.002210423,-0.000279108,-2.93E-06,-0.034561724,4.87E-05,3.15E-06
392.84738,-0.003327467,-0.000286847,-2.75E-06,-0.03448312,6.05E-05,-5.89E-06
396.661432,-0.004521012,-0.000294208,-1.32E-06,-0.034469204,5.52E-05,-5.86E-06
400.475484,-0.005893563,-0.000301235,1.11E-06,-0.034539128,3.59E-05,-5.81E-06
404.289536,-0.007313744,-0.000304363,1.10E-06,-0.034622705,1.70E-05,-5.81E-06
408.103589,-0.008633511,-0.000301727,1.08E-06,-0.034658969,-1.43E-06,-5.81E-06
411.917641,-0.009927432,-0.00029924,1.06E-06,-0.03462389,-1.93E-05,-5.82E-06
415.731693,-0.011199702,-0.000296961,1.03E-06,-0.034522605,-3.67E-05,-5.82E-06
419.545745,-0.012535166,-0.000294919,9.92E-07,-0.034369614,-5.39E-05,-5.83E-06
423.359798,-0.013929265,-0.000293199,9.46E-07,-0.034209508,-7.09E-05,-5.84E-06
427.17385,-0.015233445,-0.000291812,8.97E-07,-0.034120571,-8.77E-05,-5.84E-06
430.987902,-0.016522877,-0.00029067,8.51E-07,-0.03422574,-0.000104495,-5.85E-06
434.801954,-0.017919583,-0.0002897,8.11E-07,-0.034614309,-0.000121568,-5.86E-06
438.616006,-0.019249159,-0.000288852,7.76E-07,-0.035216789,-0.000138912,-5.86E-06
442.430059,-0.020451078,-0.000288083,7.47E-07,-0.035946673,-0.000156485,-5.87E-06
446.244111,-0.021577286,-0.000287342,9.13E-07,-0.036708923,-0.000174312,-1.55E-08
450.058163,-0.022845098,-0.000285475,1.06E-06,-0.037344708,-0.00016996,4.73E-06
453.872215,-0.024200975,-0.000282572,1.07E-06,-0.037753642,-0.000147832,4.73E-06
457.686268,-0.025368659,-0.000279464,6.13E-07,-0.037869697,-0.000126011,4.75E-06
461.50032,-0.026258531,-0.000276209,2.42E-07,-0.037727244,-0.000104474,4.77E-06
465.314372,-0.027014286,-0.000272853,2.40E-07,-0.037640047,-8.32E-05,4.77E-06
469.128424,-0.027782851,-0.000269454,2.35E-07,-0.037852236,-6.21E-05,4.77E-06
472.942477,-0.028567878,-0.000266074,2.87E-07,-0.038319417,-4.13E-05,6.06E-06
476.756529,-0.029396168,-0.000262758,3.23E-07,-0.038868266,-2.06E-05,7.16E-06
480.570581,-0.030348518,-0.000259555,2.97E-07,-0.039313471,-1.37E-07,7.16E-06
484.384633,-0.031356434,-0.000256521,2.65E-07,-0.039632224,2.01E-05,7.17E-06
488.198685,-0.032307071,-0.000253707,2.27E-07,-0.039901714,4.02E-05,7.17E-06
492.012738,-0.033153035,-0.000251154,1.83E-07,-0.0401432,6.02E-05,7.17E-06
495.82679,-0.033858259,-0.000248914,1.33E-07,-0.040317783,8.00E-05,7.17E-06
499.640842,-0.034404531,-0.000246987,8.13E-08,-0.040323104,9.98E-05,7.17E-06
503.454894,-0.034899133,-0.000245275,4.94E-06,-0.040106902,0.000119731,7.15E-06
507.268947,-0.035410315,-0.000239965,9.65E-06,-0.039666212,0.000139838,7.16E-06
511.082999,-0.0359389,-0.000215358,9.64E-06,-0.039049011,0.000160419,7.20E-06
514.897051,-0.03650827,-0.000174347,9.67E-06,-0.038353021,0.000160487,-4.05E-07
518.711103,-0.03698618,-0.000132985,9.72E-06,-0.037668336,0.000139781,-8.07E-06
522.525156,-0.037167967,-9.18E-05,9.72E-06,-0.037125845,0.000119443,-8.07E-06
526.339208,-0.037091123,-5.05E-05,9.72E-06,-0.036691517,9.91E-05,-8.07E-06
530.15326,-0.036973783,-9.00E-06,9.72E-06,-0.036277132,7.87E-05,-8.07E-06
533.967312,-0.036777642,3.25E-05,9.72E-06,-0.035943779,5.83E-05,-8.07E-06
537.781364,-0.03641477,7.38E-05,9.72E-06,-0.035859746,3.80E-05,-8.07E-06
541.595417,-0.036003775,0.000130946,1.46E-05,-0.036042839,1.77E-05,-8.04E-06
545.409469,-0.035501985,0.000205209,2.00E-05,-0.036356642,-2.35E-06,-8.00E-06
549.223521,-0.034718428,0.000279406,2.00E-05,-0.036767874,-2.24E-05,-8.00E-06
553.037573,-0.033556107,0.000353545,1.99E-05,-0.037224664,-4.24E-05,-5.01E-06
556.851626,-0.031983393,0.000428258,1.99E-05,-0.037648525,-6.26E-05,-1.54E-06
560.665678,-0.030176973,0.000503417,1.99E-05,-0.037928072,-7.87E-05,-1.54E-06
564.47973,-0.028169111,0.000578275,1.99E-05,-0.038056767,-9.07E-05,-1.58E-06
568.293782,-0.025831702,0.000652602,1.99E-05,-0.038140316,-0.000104958,-1.68E-06
572.107835,-0.023326738,0.000726478,1.99E-05,-0.038252547,-0.000121264,-1.82E-06
575.921887,-0.020661492,0.00080022,1.99E-05,-0.038392131,-0.000138242,-1.95E-06
579.735939,-0.017765212,0.000874098,1.99E-05,-0.038576156,-0.000154721,-2.04E-06
583.549991,-0.014746154,0.000948135,1.99E-05,-0.038864263,-0.000170298,-2.11E-06
587.364043,-0.011557501,0.001022431,1.99E-05,-0.039303972,-0.000184583,-2.13E-06
591.178096,-0.007938054,0.001096976,1.99E-05,-0.039926572,-0.000197167,-2.13E-06
594.992148,-0.003785524,0.001171859,1.99E-05,-0.040666055,-0.000194848,-2.09E-06
598.8062,0.000736136,0.001247836,1.99E-05,-0.041374995,-0.000177729,8.95E-07
602.620252,0.005556417,0.001324418,1.99E-05,-0.041978842,-0.000157541,3.68E-06
606.434305,0.010539318,0.001371066,1.99E-05,-0.042466174,-0.000133908,3.83E-06
610.248357,0.015476252,0.001307634,1.11E-05,-0.042891962,-0.000110471,3.92E-06
614.062409,0.020378343,0.001174876,-3.33E-05,-0.043280434,-9.13E-05,3.55E-06
617.876461,0.025044427,0.001042561,-6.12E-05,-0.043557003,-7.66E-05,3.25E-06
621.690513,0.029111857,0.000909736,-6.12E-05,-0.043776732,-6.41E-05,3.26E-06
625.504566,0.032371804,0.000777334,-6.12E-05,-0.044026075,-5.20E-05,3.29E-06
629.318618,0.034789137,0.000645439,-6.12E-05,-0.044299741,-3.99E-05,3.32E-06
633.13267,0.036262567,0.000513365,-6.12E-05,-0.044515854,-2.76E-05,3.36E-06
636.946722,0.037170013,0.000380805,-2.49E-05,-0.044537936,-1.52E-05,3.69E-06
640.760775,0.037612572,0.000247805,-3.57E-06,-0.044432425,-2.54E-06,3.87E-06
644.574827,0.037904602,0.000158995,-3.57E-06,-0.04435737,1.05E-05,3.88E-06
648.388879,0.038466737,9.52E-05,-3.56E-06,-0.044255569,2.37E-05,3.88E-06
652.202931,0.03913229,3.07E-05,-3.56E-06,-0.044052636,3.71E-05,3.88E-06
656.016984,0.039512322,-3.42E-05,-3.56E-06,-0.043964939,5.08E-05,3.88E-06
659.831036,0.039610045,-9.92E-05,-3.56E-06,-0.0440369,6.45E-05,3.88E-06
663.645088,0.039592234,-0.000163133,-1.80E-05,-0.044067784,7.81E-05,3.84E-06
667.45914,0.039517379,-0.000226803,-2.49E-05,-0.043938483,9.18E-05,3.83E-06
671.273192,0.038967111,-0.000290504,-2.49E-05,-0.043656693,8.77E-05,9.85E-07
675.087245,0.037923441,-0.000354108,-2.49E-05,-0.043357482,7.54E-05,-3.61E-06
678.901297,0.036611208,-0.000418708,-2.49E-05,-0.043034582,6.31E-05,-5.14E-06
682.715349,0.035094943,-0.0004838,-2.49E-05,-0.042655085,5.08E-05,-5.12E-06
686.529401,0.033053604,-0.000549005,-2.49E-05,-0.042177217,3.85E-05,-5.10E-06
690.343454,0.030691112,-0.000613496,-2.78E-06,-0.041760753,2.65E-05,-5.12E-06
694.157506,0.028374611,-0.000603638,9.40E-06,-0.041534991,1.46E-05,-5.14E-06
697.971558,0.026265095,-0.000567367,1.09E-05,-0.04155742,2.59E-06,-5.15E-06
701.78561,0.024328195,-0.000531102,1.09E-05,-0.041827665,-9.46E-06,-5.16E-06
705.599663,0.022744498,-0.000494409,1.09E-05,-0.042281002,-2.17E-05,-5.17E-06
709.413715,0.021283899,-0.000457459,1.09E-05,-0.042708743,-3.41E-05,-5.17E-06
713.227767,0.019782927,-0.000420494,1.09E-05,-0.042948659,-4.65E-05,-5.18E-06
717.041819,0.017902573,-0.000383444,1.09E-05,-0.043035301,-5.91E-05,3.82E-06
720.855871,0.016077532,-0.000346163,1.09E-05,-0.042968028,-4.46E-05,6.52E-06
724.669924,0.014630529,-0.000309325,1.09E-05,-0.042972664,-2.24E-05,6.52E-06
728.483976,0.01362764,-0.000272559,1.10E-05,-0.043001603,-4.42E-07,6.51E-06
732.298028,0.01283863,-0.000235782,1.10E-05,-0.042841667,2.15E-05,6.50E-06
736.11208,0.01213522,-0.000198523,1.10E-05,-0.042582441,4.36E-05,6.50E-06
739.926133,0.011675325,-0.000161343,1.09E-05,-0.042242887,6.54E-05,6.52E-06
743.740185,0.011446709,-0.000125022,1.09E-05,-0.041928749,8.67E-05,6.58E-06
747.554237,0.011470018,-8.96E-05,1.09E-05,-0.041779171,0.00010784,6.67E-06
751.368289,0.011720065,-5.49E-05,7.91E-06,-0.041598776,0.000129457,6.74E-06
755.182342,0.012293706,-2.08E-05,7.19E-06,-0.04113193,0.00015211,6.85E-06
758.996394,0.013164158,1.09E-05,7.09E-06,-0.040321092,0.000175731,6.96E-06
762.810446,0.014071292,4.23E-05,7.01E-06,-0.039229907,0.000200088,7.03E-06
766.624498,0.014590578,7.38E-05,6.96E-06,-0.038090294,0.000224817,7.09E-06
770.43855,0.014725637,0.000105791,6.93E-06,-0.037066639,0.000249583,7.11E-06
774.252603,0.014676555,0.000138091,6.93E-06,-0.036192958,0.000273728,7.11E-06
778.066655,0.01485656,0.000171873,6.95E-06,-0.035385569,0.000297595,7.09E-06
781.880707,0.01501103,0.000208817,7.79E-06,-0.034550728,0.000282441,-5.67E-06
785.694759,0.015339967,0.000247929,7.85E-06,-0.033712594,0.000258377,-7.89E-06
789.508812,0.015709611,0.000287026,7.75E-06,-0.032963961,0.000232883,-7.99E-06
793.322864,0.016484297,0.000325618,7.64E-06,-0.032229697,0.000206189,-8.10E-06
797.136916,0.017204527,0.000363571,-8.93E-06,-0.031542171,0.000178304,-8.39E-06
800.950968,0.017826692,0.000313043,-1.05E-05,-0.031004468,0.000150318,-8.30E-06
804.765021,0.018371744,0.000253354,-1.05E-05,-0.030654364,0.000125597,-8.26E-06
808.579073,0.018620064,0.000193251,-1.06E-05,-0.030483413,0.00010166,-8.23E-06
812.393125,0.018741403,0.000132967,-1.06E-05,-0.030455613,7.81E-05,-8.20E-06
816.207177,0.018702265,7.27E-05,-1.06E-05,-0.030437471,5.48E-05,-8.17E-06
820.021229,0.01857529,1.22E-05,-1.06E-05,-0.030568446,3.20E-05,-8.14E-06
823.835282,0.018128947,-7.56E-05,-1.06E-05,-0.030759023,1.00E-05,-8.11E-06
827.649334,0.017593672,-0.000164046,-1.07E-05,-0.030914657,-1.15E-05,-8.08E-06
831.463386,0.016958613,-0.000252324,-1.05E-05,-0.031000856,-1.95E-05,4.30E-07
835.277438,0.016401158,-0.000341746,-4.03E-05,-0.030998743,-2.71E-05,1.39E-06
839.091491,0.015456383,-0.00043121,-4.05E-05,-0.030996762,-3.42E-05,1.49E-06
842.905543,0.014069858,-0.000520465,-4.05E-05,-0.031117877,-4.08E-05,1.59E-06
846.719595,0.012208889,-0.000607989,-4.05E-05,-0.031447462,-4.69E-05,1.70E-06
850.533647,0.009589443,-0.000695758,-4.05E-05,-0.032000113,-5.28E-05,1.79E-06
854.3477,0.006181516,-0.000783491,-4.05E-05,-0.032588505,-5.82E-05,1.88E-06
858.161752,0.002345293,-0.00087136,-3.99E-05,-0.03312627,-6.33E-05,1.94E-06
861.975804,-0.0017283,-0.000958549,4.73E-06,-0.033459384,-6.82E-05,1.56E-07
865.789856,-0.00587774,-0.000989223,4.73E-06,-0.033526899,-7.52E-05,1.47E-07
869.603908,-0.010022401,-0.001019928,4.73E-06,-0.033396079,-8.21E-05,1.39E-07
873.417961,-0.014245227,-0.001050595,4.73E-06,-0.033248351,-8.91E-05,1.31E-07
877.232013,-0.018310069,-0.001081413,4.73E-06,-0.033222465,-9.63E-05,1.24E-07
881.046065,-0.022227626,-0.001111836,4.73E-06,-0.033204727,-0.000107536,1.35E-07
884.860117,-0.025964555,-0.001142125,4.26E-06,-0.033180889,-0.000121146,-1.10E-05
888.67417,-0.029755152,-0.001172389,4.28E-06,-0.033217003,-0.000135288,-1.19E-05
892.488222,-0.033728965,-0.001202629,-4.93E-06,-0.033367459,-0.000149788,-1.15E-05
896.302274,-0.037682811,-0.001232495,-2.01E-05,-0.033735568,-0.000164438,-1.11E-05
900.116326,-0.041911544,-0.001286493,-2.17E-05,-0.034469184,-0.000178789,-1.12E-05
903.930379,-0.046540308,-0.001343605,-2.16E-05,-0.035487201,-0.000193687,-1.13E-05
907.744431,-0.051537956,-0.001400989,-2.16E-05,-0.03670783,-0.00020926,-1.14E-05
911.558483,-0.056876055,-0.001458581,-2.15E-05,-0.037974395,-0.000225596,-1.15E-05
915.372535,-0.062216545,-0.001515829,-2.13E-05,-0.039237128,-0.000221939,2.70E-05
919.186587,-0.067980054,-0.001573676,-2.13E-05,-0.040194351,-0.000147174,3.23E-05
923.00064,-0.074051016,-0.001632707,-2.13E-05,-0.040910361,-6.04E-05,3.23E-05
926.814692,-0.080152597,-0.001691518,-2.13E-05,-0.041427572,2.61E-05,3.23E-05
930.628744,-0.086902505,-0.001750309,-2.13E-05,-0.041547602,0.000112541,3.23E-05
934.442796,-0.093569172,-0.001808705,-2.13E-05,-0.041544273,0.000196187,3.23E-05
938.256849,-0.099996265,-0.001869243,-2.15E-05,-0.041743102,0.000268994,3.21E-05
942.070901,-0.10610611,-0.001931328,-2.18E-05,-0.04177771,0.000338522,3.19E-05
945.884953,-0.112022993,-0.001994562,-8.65E-06,-0.041601225,0.000406574,3.20E-05
949.699005,-0.117547154,-0.001994491,9.19E-05,-0.041519092,0.000443684,-4.84E-05
953.513058,-0.122196956,-0.001674816,9.50E-05,-0.041889607,0.000254317,-4.98E-05
957.32711,-0.126180202,-0.001344279,9.53E-05,-0.042588921,6.76E-05,-4.92E-05
961.141162,-0.129069153,-0.001011074,9.52E-05,-0.042882069,-0.000107765,-4.93E-05
964.955214,-0.130872833,-0.000680042,9.49E-05,-0.042863146,-0.000280049,-5.00E-05
968.769266,-0.131069975,-0.000355193,9.45E-05,-0.04325097,-0.000455271,-5.07E-05
972.583319,-0.129773449,-3.42E-05,9.42E-05,-0.044075251,-0.000634049,-5.13E-05
976.397371,-0.126702319,0.000291787,9.42E-05,-0.046028889,-0.000816597,-5.13E-05
980.211423,-0.120039539,0.000826787,0.000124155,-0.051045976,-0.00097979,-4.78E-05
984.025475,-0.109022488,0.002119093,0.000131099,-0.058270762,-0.001019282,-4.13E-05
987.839528,-0.095557442,0.003411074,0.000398058,-0.063777791,-0.000936339,6.62E-06
991.65358,-0.080522507,0.004627056,0.000378407,-0.06488696,-0.00043839,0.000148594
995.467632,-0.063988842,0.00584211,0.000382718,-0.062557892,-0.000141263,0.000136923
999.281684,-0.045849825,0.007069545,0.000389782,-0.059372949,-9.77E-05,0.000115268
1003.09574,-0.023926928,0.008302649,0.000395365,-0.058369713,-0.00017663,9.42E-05
1006.90979,0.00047474,0.009522479,0.00029377,-0.059373087,-0.0004411,8.24E-05
1010.72384,0.024832828,0.010117009,-0.000131137,-0.062171286,-0.000744819,0.000112492
1014.53789,0.050031189,0.008810612,-0.000394198,-0.064900817,-0.000531558,0.000151036
1018.35195,0.076540259,0.007495963,-0.000396924,-0.064606068,8.44E-05,0.000143521
1022.166,0.101059995,0.006143208,-0.000404945,-0.060647453,0.000738603,8.51E-05
1025.98005,0.120728316,0.004762701,-0.00041533,-0.056301794,0.000948778,-5.99E-05
1029.7941,0.136223691,0.003344253,-0.000414612,-0.052736982,0.000821561,-6.47E-05
1033.60815,0.146913912,0.00193263,-0.000414473,-0.050452006,0.000642769,-6.56E-05
1037.42221,0.153402846,0.000534099,-0.000301704,-0.049394726,0.000452942,-6.94E-05
1041.23626,0.156774683,-0.00059223,-5.03E-05,-0.048171042,0.000256828,-8.05E-05
1045.05031,0.157780765,-0.001030348,-4.97E-05,-0.047170028,2.17E-05,-8.08E-05
1048.86436,0.157164285,-0.001203031,-4.92E-05,-0.046519431,-0.00022691,-8.11E-05
1052.67842,0.155223526,-0.001371254,-4.80E-05,-0.046167526,-0.000476391,-3.22E-05
1056.49247,0.152132955,-0.001534267,-4.68E-05,-0.046062862,-0.000578294,3.92E-05
1060.30652,0.147941947,-0.001696276,-4.71E-05,-0.046088682,-0.000473063,3.89E-05
1064.12057,0.142669247,-0.001857774,-4.73E-05,-0.046013762,-0.000370302,3.86E-05
1067.93462,0.136080231,-0.002021444,-4.75E-05,-0.045784185,-0.000265685,3.84E-05
1071.74868,0.12849596,-0.002188799,-4.76E-05,-0.045453334,-0.000156182,3.83E-05
1075.56273,0.120214162,-0.002356296,-4.76E-05,-0.045007203,-4.26E-05,3.83E-05
1079.37678,0.111253956,-0.002522805,-4.75E-05,-0.04445661,7.44E-05,3.83E-05
1083.19083,0.102160633,-0.002686666,-2.58E-05,-0.043595037,0.000191074,2.05E-05
1087.00489,0.09272157,-0.002850358,-1.02E-05,-0.042399216,0.000307261,7.65E-06
1090.81894,0.08327823,-0.002989472,-1.02E-05,-0.041128856,0.000375379,7.66E-06
1094.63299,0.073870687,-0.002860452,-1.02E-05,-0.039971986,0.000411827,7.67E-06
1098.44704,0.064663123,-0.002582368,3.38E-05,-0.038830527,0.000447337,7.79E-06
1102.26109,0.056019445,-0.002305281,8.04E-05,-0.037418312,0.000481607,7.95E-06
1106.07515,0.047965503,-0.002034608,9.17E-05,-0.035689988,0.000514377,8.06E-06
1109.8892,0.040402981,-0.001760383,9.17E-05,-0.033863815,0.000547291,8.17E-06
1113.70325,0.033997467,-0.00148497,9.16E-05,-0.032000839,0.000581095,8.28E-06
1117.5173,0.028920157,-0.001213597,9.16E-05,-0.030011991,0.000615621,8.34E-06
1121.33136,0.024741069,-0.000938697,9.16E-05,-0.02786238,0.000651489,8.34E-06
1125.14541,0.021720095,-0.000666431,9.16E-05,-0.025683405,0.000687382,8.29E-06
1128.95946,0.019672265,-0.000390334,9.17E-05,-0.02344676,0.000723635,8.18E-06
1132.77351,0.018439652,-0.000111805,2.49E-05,-0.021193904,0.00075959,7.82E-06
1136.58756,0.017801604,0.000141958,-3.31E-07,-0.018909935,0.000794957,7.70E-06
1140.40162,0.017667735,0.000198476,-6.23E-07,-0.016563968,0.000828855,7.70E-06
1144.21567,0.017753272,0.000192825,-6.18E-07,-0.014136756,0.000826719,7.70E-06
1148.02972,0.017920628,0.000187253,-5.71E-07,-0.011776551,0.00073841,-2.26E-05
1151.84377,0.017977951,0.000181689,-5.72E-07,-0.009605229,0.000627933,-3.19E-05
1155.65783,0.017935759,0.000175939,-5.93E-07,-0.007687635,0.000516722,-3.19E-05
1159.47188,0.017990168,0.000170002,-6.14E-07,-0.006015636,0.000404744,-3.19E-05
1163.28593,0.018436003,0.000163895,-6.35E-07,-0.004614174,0.00029227,-3.19E-05
1167.09998,0.018783179,0.000157824,-6.55E-07,-0.003743586,0.000183054,-3.19E-05
1170.91403,0.019078078,0.00015151,-6.76E-07,-0.003356787,7.20E-05,-3.19E-05
1174.72809,0.019517047,0.000144962,-7.08E-07,-0.003353757,-4.00E-05,-3.19E-05
1178.54214,0.020041458,0.000137977,-8.03E-07,-0.003722836,-0.000150466,-3.19E-05
1182.35619,0.020562179,0.000129977,-9.23E-07,-0.004502912,-0.000264055,-3.19E-05
1186.17024,0.020939451,0.000121793,-1.01E-06,-0.005520736,-0.000373711,-3.19E-05
1189.9843,0.021225226,0.000113454,-1.03E-06,-0.006748349,-0.000485086,-3.03E-05
1193.79835,0.021553045,0.000105747,-5.93E-07,-0.008131909,-0.000593223,5.45E-07
1197.6124,0.021974635,0.000100249,-5.04E-07,-0.009657107,-0.000589174,7.10E-06
1201.42645,0.022390048,9.57E-05,-5.20E-07,-0.011216263,-0.000560515,7.10E-06
1205.2405,0.022981264,9.17E-05,-5.46E-07,-0.012766238,-0.000531637,7.09E-06
1209.05456,0.023585433,8.82E-05,-5.79E-07,-0.014285072,-0.000503564,7.09E-06
1212.86861,0.024264232,8.51E-05,-3.43E-06,-0.015785378,-0.000474906,7.08E-06
1216.68266,0.024714969,8.01E-05,-4.10E-06,-0.017118655,-0.00044608,7.05E-06
1220.49671,0.02493894,7.36E-05,-4.13E-06,-0.018357875,-0.000417495,7.04E-06
1224.31077,0.025206546,6.62E-05,-4.14E-06,-0.01959209,-0.000389829,7.03E-06
1228.12482,0.025285492,5.83E-05,-4.15E-06,-0.020826045,-0.000361866,7.03E-06
1231.93887,0.025312134,5.06E-05,-4.16E-06,-0.021959878,-0.000333857,7.02E-06
1235.75292,0.025402666,4.30E-05,-4.17E-06,-0.02296557,-0.000306207,7.01E-06
1239.56697,0.025552871,2.61E-05,-4.18E-06,-0.023705805,-0.000278447,7.01E-06
1243.38103,0.025689424,1.82E-06,-4.19E-06,-0.024204043,-0.000250911,7.00E-06
1247.19508,0.025660462,-2.41E-05,-4.20E-06,-0.024607031,-0.000223246,7.00E-06
1251.00913,0.025306703,-5.01E-05,-4.21E-06,-0.025050274,-0.00019566,6.99E-06
1254.82318,0.024951733,-7.62E-05,-4.21E-06,-0.025546803,-0.00016823,6.99E-06
1258.63724,0.024486826,-0.000102136,-4.21E-06,-0.026191353,-0.000140887,6.99E-06
1262.45129,0.024145831,-0.00012811,-4.21E-06,-0.026961575,-0.00011353,6.99E-06
1266.26534,0.023730421,-0.000154146,-4.21E-06,-0.027859549,-8.61E-05,6.99E-06
1270.07939,0.023199742,-0.000180226,-4.22E-06,-0.028773698,-5.85E-05,7.82E-06
1273.89344,0.022581332,-0.000205824,-4.22E-06,-0.029485847,-3.14E-05,8.08E-06
1277.7075,0.021838986,-0.000231756,-1.16E-05,-0.030077033,-3.74E-06,7.93E-06
1281.52155,0.021199226,-0.000257835,-1.42E-05,-0.030457575,2.43E-05,7.90E-06
1285.3356,0.020541624,-0.000283452,-1.42E-05,-0.030509475,5.17E-05,7.90E-06
1289.14965,0.019697343,-0.000309515,-1.42E-05,-0.030237415,7.91E-05,7.90E-06
1292.96371,0.018664778,-0.000335416,-1.42E-05,-0.029709847,0.000106227,7.88E-06
1296.77776,0.017288021,-0.000361744,-1.42E-05,-0.029063864,0.000133648,7.87E-06
1300.59181,0.015407737,-0.000387903,-1.42E-05,-0.028464817,0.000160802,7.85E-06
1304.40586,0.013436735,-0.000414431,1.74E-06,-0.027942545,0.00018827,8.22E-06
1308.21991,0.011450569,-0.000417272,8.73E-06,-0.027484315,0.000174419,-4.91E-06
1312.03397,0.009462561,-0.000410331,8.87E-06,-0.027047395,0.000144001,-1.02E-05
1315.84802,0.007688265,-0.000403267,8.87E-06,-0.026549436,0.000113294,-1.02E-05
1319.66207,0.006133598,-0.00039609,8.88E-06,-0.026032725,8.24E-05,-1.02E-05
1323.47612,0.004878122,-0.00038901,8.89E-06,-0.025535182,5.21E-05,-1.02E-05
1327.29018,0.003933656,-0.000381812,8.89E-06,-0.02518539,2.15E-05,-1.02E-05
1331.10423,0.003004405,-0.000374516,8.90E-06,-0.025198634,-9.39E-06,-1.02E-05
1334.91828,0.002003781,-0.000367195,-2.38E-07,-0.025481087,-4.02E-05,-1.04E-05
1338.73233,0.000985589,-0.000359854,-2.85E-06,-0.025960286,-7.10E-05,-1.05E-05
1342.54638,-0.000110061,-0.000352567,-2.85E-06,-0.026641301,-0.000101606,-1.05E-05
1346.36044,-0.001351738,-0.000345515,-3.10E-06,-0.027442217,-0.00013156,-1.92E-06
1350.17449,-0.002873029,-0.00033885,-3.14E-06,-0.028258337,-0.000160935,-2.76E-07
1353.98854,-0.004448964,-0.000333156,-3.15E-06,-0.029004783,-0.000164464,-2.60E-07
1357.80259,-0.005990232,-0.000327849,-3.15E-06,-0.02959809,-0.000163488,-2.38E-07
1361.61665,-0.007536937,-0.000322816,-3.15E-06,-0.030052924,-0.000162054,-2.12E-07
1365.4307,-0.009112205,-0.000318051,-3.15E-06,-0.030363404,-0.000160209,-1.80E-07
1369.24475,-0.010803824,-0.000313396,-3.15E-06,-0.03051641,-0.000158268,-1.46E-07
1373.0588,-0.012513103,-0.000296235,7.92E-06,-0.030570433,-0.000157143,-4.30E-07
1376.87286,-0.013964049,-0.00027868,8.35E-06,-0.030730865,-0.00015677,-5.05E-07
1380.68691,-0.015567171,-0.000260563,8.34E-06,-0.031004059,-0.000157016,-5.63E-07
1384.50096,-0.016676346,-0.000242242,8.34E-06,-0.031425515,-0.00015785,-6.10E-07
1388.31501,-0.017761242,-0.00022377,8.34E-06,-0.03171863,-0.000159157,-6.46E-07
1392.12906,-0.01863097,-0.000205094,8.34E-06,-0.032051571,-0.000160929,-6.71E-07
1395.94312,-0.019479747,-0.000186223,8.33E-06,-0.032556457,-0.000163052,-6.84E-07
1399.75717,-0.020336158,-0.000167148,8.33E-06,-0.033276183,-0.000165449,-6.87E-07
1403.57122,-0.020929374,-0.000148369,8.33E-06,-0.0341367,-0.000167979,-6.80E-07
1407.38527,-0.021294033,-0.00012829,8.34E-06,-0.035016444,-0.000159392,-6.62E-07
1411.19933,-0.021503604,-0.00010804,8.50E-06,-0.035883617,-0.000150431,2.45E-06
1415.01338,-0.02157214,-8.82E-05,8.49E-06,-0.036666598,-0.000141682,2.59E-06
1418.82743,-0.02152155,-6.76E-05,8.48E-06,-0.037396723,-0.000132599,2.64E-06
1422.64148,-0.021122992,-4.84E-05,-9.03E-07,-0.038010574,-0.000123275,3.02E-06
1426.45553,-0.020745872,-4.11E-05,-1.49E-06,-0.038502915,-0.000113652,3.03E-06
1430.26959,-0.020441986,-3.45E-05,-1.52E-06,-0.03897191,-0.000103691,3.02E-06
1434.08364,-0.020054662,-2.81E-05,-1.55E-06,-0.039369716,-9.36E-05,3.00E-06
1437.89769,-0.019726811,-2.19E-05,-1.57E-06,-0.039631573,-8.32E-05,2.99E-06
1441.71174,-0.019540782,-1.61E-05,-1.58E-06,-0.039802563,-7.30E-05,2.98E-06
1445.5258,-0.01958597,-1.06E-05,-1.59E-06,-0.039970976,-6.28E-05,2.98E-06
1449.33985,-0.019614916,-5.24E-06,-1.60E-06,-0.040215102,-5.24E-05,2.98E-06
1453.1539,-0.019735377,1.06E-07,-1.60E-06,-0.04052753,-4.19E-05,2.98E-06
1456.96795,-0.019809405,5.45E-06,-1.60E-06,-0.040885833,-3.14E-05,2.98E-06
1460.782,-0.019896168,1.08E-05,-1.60E-06,-0.041208352,-2.09E-05,2.98E-06
1464.59606,-0.019869716,1.60E-05,-1.60E-06,-0.041510655,-1.07E-05,2.98E-06
1468.41011,-0.019866295,2.13E-05,-1.60E-06,-0.041713286,-3.04E-07,2.98E-06
1472.22416,-0.019988522,2.89E-05,-1.60E-06,-0.041800046,9.96E-06,2.98E-06
1476.03821,-0.020169437,4.53E-05,8.39E-06,-0.041767258,2.05E-05,3.07E-06
1479.85227,-0.020265988,6.28E-05,9.70E-06,-0.041648789,3.11E-05,3.08E-06
1483.66632,-0.020220334,8.03E-05,9.70E-06,-0.041511578,4.19E-05,3.09E-06
1487.48037,-0.0198923,9.76E-05,9.69E-06,-0.041462239,5.26E-05,3.11E-06
1491.29442,-0.019566933,0.000114471,9.69E-06,-0.041407871,6.32E-05,3.13E-06
1495.10847,-0.018969525,0.000131629,9.68E-06,-0.041182922,7.42E-05,3.15E-06
1498.92253,-0.018256388,0.000148877,9.81E-06,-0.040789874,6.37E-05,-3.85E-06
1502.73658,-0.017478544,0.000166626,9.83E-06,-0.040301017,4.98E-05,-5.04E-06
1506.55063,-0.016698009,0.000184541,9.84E-06,-0.039824373,3.59E-05,-5.03E-06
1510.36468,-0.015627858,0.000202565,9.85E-06,-0.039579729,2.19E-05,-5.01E-06
1514.17874,-0.014607554,0.000220401,-5.09E-06,-0.039502136,8.10E-06,-5.37E-06
1517.99279,-0.01354289,0.000209729,-7.44E-06,-0.039491946,-6.46E-06,-5.42E-06
1521.80684,-0.012501491,0.000194897,-7.44E-06,-0.039571871,-2.09E-05,-5.43E-06
1525.62089,-0.011331375,0.000179411,-7.44E-06,-0.039929611,-3.61E-05,-5.43E-06
1529.43494,-0.010733279,0.000164515,-7.44E-06,-0.040238298,-5.08E-05,-5.42E-06
1533.249,-0.010225177,0.000149731,-7.44E-06,-0.040494205,-6.53E-05,-5.42E-06
1537.06305,-0.01002689,0.0001346,-7.45E-06,-0.04077501,-8.01E-05,-5.41E-06
1540.8771,-0.009940919,0.000119475,-7.59E-06,-0.040971198,-9.49E-05,6.68E-07
1544.69115,-0.009677154,0.000103639,-7.75E-06,-0.041008358,-9.65E-05,9.07E-06
1548.50521,-0.009370581,8.75E-05,-7.76E-06,-0.040936274,-6.30E-05,1.06E-05
1552.31926,-0.009092209,7.10E-05,-7.37E-06,-0.040835296,-2.22E-05,1.06E-05
1556.13331,-0.009043542,5.51E-05,1.88E-07,-0.040640102,1.81E-05,1.07E-05
1559.94736,-0.009241883,3.91E-05,2.06E-06,-0.040272152,5.92E-05,1.07E-05
1563.76141,-0.009423791,3.70E-05,2.08E-06,-0.039765021,9.98E-05,1.07E-05
1567.57547,-0.009395154,4.35E-05,2.11E-06,-0.039195988,0.000141035,1.07E-05
1571.38952,-0.009389503,5.13E-05,2.13E-06,-0.038625015,0.000181627,1.07E-05
1575.20357,-0.009152712,5.95E-05,2.16E-06,-0.037892223,0.000222773,1.07E-05
1579.01762,-0.008758199,6.77E-05,2.18E-06,-0.03699275,0.000263264,1.07E-05
1582.83168,-0.00828623,7.62E-05,2.21E-06,-0.035882606,0.000304293,1.07E-05
1586.64573,-0.008015077,8.48E-05,2.24E-06,-0.034519375,0.00034473,1.07E-05
1590.45978,-0.007788367,9.37E-05,2.26E-06,-0.032915702,0.000385673,1.07E-05
1594.27383,-0.007441438,0.000102739,2.29E-06,-0.031296894,0.000426039,1.07E-05
1598.08788,-0.006989496,0.000111889,2.31E-06,-0.029747138,0.000466107,1.07E-05
1601.90194,-0.006497016,0.000121382,2.34E-06,-0.028219406,0.000506898,1.07E-05
1605.71599,-0.00606589,0.00013097,2.36E-06,-0.026689141,0.000547191,1.07E-05
1609.53004,-0.005906623,0.000140868,2.39E-06,-0.025045655,0.000587871,1.07E-05
1613.34409,-0.005940652,0.00015082,5.06E-06,-0.023238724,0.000628059,1.06E-05
1617.15815,-0.006034501,0.000161068,6.28E-06,-0.021231649,0.000668583,1.05E-05
1620.9722,-0.005897034,0.000171383,6.30E-06,-0.019085127,0.00070864,1.05E-05
1624.78625,-0.005281722,0.000181988,6.33E-06,-0.016785056,0.000748983,1.05E-05
1628.6003,-0.004167987,0.000189729,5.50E-06,-0.014419804,0.000698189,-1.53E-05
1632.41435,-0.002935008,0.00019529,5.07E-06,-0.012199344,0.000601685,-2.81E-05
1636.22841,-0.001829547,0.000178194,-7.51E-06,-0.01031329,0.000507103,-2.77E-05
1640.04246,-0.000757937,0.000150505,-1.36E-05,-0.008861721,0.000414982,-2.75E-05
1643.85651,0.000139208,0.000122427,-1.36E-05,-0.00774888,0.000321887,-2.75E-05
1647.67056,0.000673551,9.40E-05,-1.36E-05,-0.006941633,0.00022767,-2.75E-05
1651.48462,0.000727591,6.56E-05,-1.36E-05,-0.006398686,0.000133131,-2.75E-05
1655.29867,0.000461427,3.76E-05,-1.36E-05,-0.006117735,3.99E-05,-2.75E-05
1659.11272,0.000178083,9.97E-06,-1.35E-05,-0.006100814,-5.33E-05,-2.75E-05
1662.92677,-7.25E-05,-1.76E-05,-1.35E-05,-0.006306629,-0.000147103,-2.75E-05
1666.74082,-0.000336199,-4.44E-05,-6.64E-06,-0.006722807,-0.000239748,-2.77E-05
1670.55488,-0.000682985,-7.11E-05,-2.26E-06,-0.007446043,-0.000333333,-2.79E-05
1674.36893,-0.001114076,-9.78E-05,-1.74E-06,-0.008429075,-0.000428222,-6.82E-06
1678.18298,-0.001495059,-0.000122048,-1.41E-06,-0.009527603,-0.000449855,7.37E-06
1681.99703,-0.001863028,-0.000145309,-1.42E-06,-0.010679326,-0.000423066,7.63E-06
1685.81109,-0.002249486,-0.000168565,-1.45E-06,-0.011831452,-0.000396531,7.62E-06
1689.62514,-0.002799671,-0.000191975,-1.47E-06,-0.013028056,-0.000370063,7.62E-06
1693.43919,-0.00354326,-0.000202701,-1.50E-06,-0.014258572,-0.00034355,7.61E-06
1697.25324,-0.004290176,-0.000203478,-1.52E-06,-0.015412093,-0.000317114,7.61E-06
1701.06729,-0.005006738,-0.000204651,-1.53E-06,-0.01646,-0.000290557,7.61E-06
1704.88135,-0.005673678,-0.000206153,-1.54E-06,-0.017390287,-0.000264289,7.60E-06
1708.6954,-0.006368012,-0.000207906,-1.55E-06,-0.018172252,-0.000237855,7.60E-06
1712.50945,-0.007157501,-0.000209772,-1.55E-06,-0.018805845,-0.000211119,7.60E-06
1716.3235,-0.007874821,-0.000211662,-1.55E-06,-0.019291461,-0.000184188,7.60E-06
1720.13756,-0.008460421,-0.000213532,-1.55E-06,-0.019603491,-0.000157513,7.60E-06
1723.95161,-0.008928698,-0.000215404,-1.55E-06,-0.0198199,-0.000130854,6.65E-06
1727.76566,-0.00936293,-0.000217292,-1.55E-06,-0.020056995,-0.000104433,5.83E-06
1731.57971,-0.010055108,-0.000219178,-1.55E-06,-0.020314615,-7.85E-05,5.83E-06
1735.39376,-0.010972081,-0.000221036,-1.55E-06,-0.020575659,-5.30E-05,5.83E-06
1739.20782,-0.01197048,-0.000222886,-1.55E-06,-0.020851382,-2.75E-05,5.83E-06
1743.02187,-0.013043745,-0.000218966,-1.55E-06,-0.021127776,-1.51E-06,5.83E-06
1746.83592,-0.014099951,-0.000210024,-1.55E-06,-0.021372209,2.41E-05,5.83E-06
1750.64997,-0.015121428,-0.000201198,1.67E-06,-0.021588851,4.95E-05,5.84E-06
1754.46403,-0.016024617,-0.000192511,4.84E-06,-0.021800425,7.47E-05,5.85E-06
1758.27808,-0.016723637,-0.000184315,4.80E-06,-0.02196695,9.93E-05,5.88E-06
1762.09213,-0.017292807,-0.000176554,4.77E-06,-0.02204752,0.000123749,5.91E-06
1765.90618,-0.017755298,-0.000168967,4.73E-06,-0.022040859,0.000148717,5.94E-06
1769.72023,-0.01822752,-0.000161554,4.69E-06,-0.02198772,0.000174038,5.97E-06
1773.53429,-0.018642191,-0.000152791,4.66E-06,-0.021913338,0.000154111,5.99E-06
1777.34834,-0.019037538,-0.000141975,4.87E-06,-0.021821531,8.31E-05,1.47E-07
1781.16239,-0.019534699,-0.000130546,5.58E-06,-0.021742557,1.23E-05,-1.68E-05
1784.97644,-0.019951803,-0.000118636,6.16E-06,-0.021672704,-5.85E-05,-2.95E-05
1788.7905,-0.020378114,-0.000106147,6.23E-06,-0.021623263,-0.000130601,-2.94E-05
1792.60455,-0.020790258,-9.35E-05,6.27E-06,-0.021696298,-0.000202521,-2.94E-05
1796.4186,-0.021307937,-9.96E-05,6.29E-06,-0.022059774,-0.000275092,-2.94E-05
1800.23265,-0.021863446,-0.000130511,6.27E-06,-0.022808448,-0.00034772,-2.94E-05
1804.0467,-0.022197174,-0.00016213,-2.80E-06,-0.023970508,-0.000419483,-2.98E-05
1807.86076,-0.022426098,-0.000195572,-2.14E-05,-0.025523299,-0.00049217,-3.06E-05
1811.67481,-0.022592143,-0.000232026,-3.05E-05,-0.027257128,-0.000497543,-1.95E-06
1815.48886,-0.023025927,-0.000271433,-3.18E-05,-0.028985988,-0.000409684,3.88E-05
1819.30291,-0.024177553,-0.000310541,-3.16E-05,-0.030463423,-0.000320165,3.90E-05
1823.11697,-0.026220816,-0.000348775,-3.15E-05,-0.031503624,-0.000230322,3.91E-05
1826.93102,-0.028635581,-0.000386043,-1.19E-05,-0.032102857,-0.000140371,3.96E-05
1830.74507,-0.030892636,-0.000411479,1.41E-05,-0.03226835,-5.03E-05,4.00E-05
1834.55912,-0.033139184,-0.000408286,1.43E-05,-0.031989833,3.94E-05,3.99E-05
1838.37317,-0.03515826,-0.000386879,1.45E-05,-0.031287207,0.000129285,3.98E-05
1842.18723,-0.036743643,-0.000364652,1.46E-05,-0.03031705,0.00021879,1.22E-05
1846.00128,-0.037977931,-0.000342262,1.44E-05,-0.029359491,0.000245247,-2.58E-05
1849.81533,-0.039064956,-0.000320297,1.43E-05,-0.028577311,0.00018379,-2.59E-05
1853.62938,-0.040171783,-0.000299092,1.42E-05,-0.027958772,0.000122522,-2.59E-05
1857.44344,-0.041235371,-0.000278166,1.40E-05,-0.027488798,6.01E-05,-2.60E-05
1861.25749,-0.042127696,-0.000257847,8.19E-06,-0.027335225,-2.56E-06,-2.59E-05
1865.07154,-0.042715748,-0.000238217,-2.28E-07,-0.027608641,-6.52E-05,-2.57E-05
1868.88559,-0.043377185,-0.000219319,-3.51E-07,-0.028204106,-0.000127632,-2.57E-05
1872.69964,-0.044256194,-0.000201148,-4.73E-07,-0.028883868,-0.000189803,-2.57E-05
1876.5137,-0.04516139,-0.000183652,-1.83E-07,-0.029555974,-0.000251675,-1.74E-05
1880.32775,-0.046125431,-0.000166063,6.82E-07,-0.030359453,-0.00031455,1.72E-06
1884.1418,-0.047017393,-0.000145764,1.14E-06,-0.031327195,-0.000340368,1.12E-05
1887.95585,-0.047695395,-0.000121918,1.11E-06,-0.032386874,-0.000307712,1.12E-05
1891.76991,-0.048191923,-0.00010551,1.06E-06,-0.033474978,-0.00027505,1.12E-05
1895.58396,-0.048538934,-0.000106216,1.01E-06,-0.034571819,-0.00024168,1.12E-05
1899.39801,-0.048753479,-0.000114598,9.38E-07,-0.035651307,-0.00020831,1.12E-05
1903.21206,-0.048919848,-0.000123354,8.56E-07,-0.036684774,-0.000174487,1.12E-05
1907.02612,-0.049036309,-0.000132456,-7.51E-07,-0.037578819,-0.000141086,1.12E-05
1910.84017,-0.049199931,-0.000142058,-3.88E-06,-0.038282173,-0.000108003,1.12E-05
1914.65422,-0.049454204,-0.000152553,-3.94E-06,-0.038719442,-7.41E-05,1.12E-05
1918.46827,-0.04973652,-0.000163425,-3.98E-06,-0.038956672,-4.04E-05,1.12E-05
1922.28232,-0.050134445,-0.000174405,-3.99E-06,-0.039038242,-6.58E-06,1.12E-05
1926.09638,-0.050802664,-0.000185634,-3.98E-06,-0.038989906,2.79E-05,7.31E-06
1929.91043,-0.051674086,-0.000196828,-3.96E-06,-0.03880717,5.65E-05,-1.46E-06
1933.72448,-0.052627706,-0.000207863,-3.96E-06,-0.038518446,6.60E-05,-1.46E-06
1937.53853,-0.053688616,-0.000218726,-3.96E-06,-0.03824348,6.15E-05,-1.46E-06
1941.35259,-0.054642236,-0.00022982,-3.96E-06,-0.037969061,5.69E-05,-1.46E-06
1945.16664,-0.055465927,-0.000241002,-3.96E-06,-0.037716584,5.23E-05,-1.46E-06
1948.98069,-0.056446221,-0.000252041,-3.09E-06,-0.037560473,4.78E-05,-1.46E-06
1952.79474,-0.057561506,-0.000262929,-9.01E-08,-0.037533661,4.33E-05,-1.45E-06
1956.60879,-0.058650968,-0.000274029,2.31E-06,-0.037592997,3.88E-05,-1.44E-06
1960.42285,-0.059638916,-0.000279325,2.31E-06,-0.037731991,3.42E-05,-1.44E-06
1964.2369,-0.060592118,-0.000270116,2.31E-06,-0.037910456,2.98E-05,-1.44E-06
1968.05095,-0.061530073,-0.000260793,2.31E-06,-0.038049092,2.53E-05,-1.44E-06
1971.865,-0.062293428,-0.000251576,2.31E-06,-0.038133847,2.09E-05,-1.44E-06
1975.67906,-0.06309943,-0.000242166,2.31E-06,-0.038101071,1.63E-05,-1.44E-06
1979.49311,-0.063957631,-0.000232737,2.31E-06,-0.037935609,1.18E-05,-1.44E-06
1983.30716,-0.064838457,-0.000223299,2.31E-06,-0.037750227,7.20E-06,-1.44E-06
1987.12121,-0.065668705,-0.00021389,2.31E-06,-0.03766498,2.66E-06,-1.44E-06
1990.93526,-0.066438655,-0.000204642,2.31E-06,-0.037662627,-1.80E-06,-1.44E-06
1994.74932,-0.067058464,-0.000195496,2.31E-06,-0.037732636,-6.21E-06,-1.44E-06
1998.56337,-0.067562318,-0.000186156,2.31E-06,-0.037802678,-1.07E-05,-1.44E-06
2002.37742,-0.068159639,-0.000176795,2.31E-06,-0.037776087,-1.53E-05,-1.44E-06
2006.19147,-0.068996158,-0.000166703,2.31E-06,-0.037724899,-1.97E-05,-1.44E-06
2010.00553,-0.069809048,-0.000154407,2.41E-06,-0.037724195,-2.41E-05,-1.44E-06
2013.81958,-0.070539721,-0.000141914,2.73E-06,-0.037812074,-2.87E-05,-1.44E-06
2017.63363,-0.071112345,-0.000129596,2.73E-06,-0.038027214,-3.27E-05,-1.28E-06
2021.44768,-0.071559726,-0.00011708,2.73E-06,-0.038349681,-3.55E-05,-5.63E-07
2025.26173,-0.07190073,-0.000104751,2.73E-06,-0.038608564,-3.82E-05,-2.05E-07
2029.07579,-0.072188787,-9.21E-05,2.73E-06,-0.038816853,-4.09E-05,-2.07E-07
2032.88984,-0.072442771,-7.95E-05,2.73E-06,-0.038966058,-4.37E-05,-2.08E-07
2036.70389,-0.072704094,-6.70E-05,2.73E-06,-0.039103634,-4.65E-05,-2.10E-07
2040.51794,-0.073043246,-5.45E-05,2.73E-06,-0.039248711,-4.92E-05,-2.13E-07
2044.332,-0.073513455,-4.24E-05,3.17E-06,-0.039479507,-5.19E-05,-2.16E-07
2048.14605,-0.073748604,-3.00E-05,5.09E-06,-0.039730665,-5.47E-05,-2.24E-07
2051.9601,-0.073814693,-1.76E-05,5.09E-06,-0.039975073,-5.75E-05,-2.28E-07
2055.77415,-0.073818779,-5.18E-06,5.09E-06,-0.040144964,-6.03E-05,-2.33E-07
2059.5882,-0.073813612,7.23E-06,5.09E-06,-0.040323421,-6.32E-05,-2.38E-07
2063.40226,-0.073884549,1.97E-05,5.09E-06,-0.040535538,-6.61E-05,-2.42E-07
2067.21631,-0.073991244,3.21E-05,5.09E-06,-0.040826814,-6.90E-05,-2.47E-07
2071.03036,-0.074018148,4.44E-05,5.09E-06,-0.041136074,-7.19E-05,-2.52E-07
2074.84441,-0.073890382,5.65E-05,5.09E-06,-0.041410146,-7.47E-05,-2.56E-07
2078.65847,-0.073607197,6.89E-05,5.09E-06,-0.041659668,-7.77E-05,-2.61E-07
2082.47252,-0.073166758,8.13E-05,5.06E-06,-0.04189276,-8.69E-05,-2.29E-06
2086.28657,-0.072650813,9.33E-05,4.97E-06,-0.042172952,-0.000120753,-1.04E-05
2090.10062,-0.071989769,0.0001053,4.97E-06,-0.042540211,-0.000154564,-1.04E-05
2093.91467,-0.07127838,0.000117288,3.05E-06,-0.043018454,-0.000188358,-1.03E-05
2097.72873,-0.070521303,0.00012926,-4.01E-06,-0.04367742,-0.000222143,-1.02E-05
2101.54278,-0.069870681,0.000141234,-4.02E-06,-0.044496803,-0.000255912,-1.02E-05
2105.35683,-0.069211398,0.000153165,-4.02E-06,-0.045440021,-0.000289475,-1.02E-05
2109.17088,-0.068559135,0.000164939,-4.02E-06,-0.046543854,-0.000322527,-1.02E-05
2112.98494,-0.067961397,0.000176962,-4.02E-06,-0.047876544,-0.00035627,-1.02E-05
2116.79899,-0.067469998,0.000188993,-4.02E-06,-0.04941361,-0.000390014,-1.02E-05
2120.61304,-0.06705287,0.000200997,-4.02E-06,-0.051050609,-0.000423696,-1.02E-05
2124.42709,-0.066658772,0.000216659,-4.02E-06,-0.052736139,-0.000457345,-1.02E-05
2128.24114,-0.066242592,0.000246472,1.85E-06,-0.0545026,-0.000490906,-8.32E-06
2132.0552,-0.065535731,0.000277843,2.44E-05,-0.056453856,-0.00052327,4.47E-07
2135.86925,-0.064337637,0.000310998,2.44E-05,-0.058545124,-0.000544266,6.00E-06
2139.6833,-0.062566614,0.000347054,2.43E-05,-0.060784813,-0.000518298,6.30E-06
2143.49735,-0.060406885,0.000384454,2.42E-05,-0.063091289,-0.000490021,6.69E-06
2147.31141,-0.057826008,0.000422099,2.41E-05,-0.065465163,-0.000459704,7.16E-06
2151.12546,-0.055250701,0.000458078,2.40E-05,-0.067603836,-0.000423832,7.58E-06
2154.93951,-0.052721429,0.000487941,2.39E-05,-0.069255817,-0.000356584,7.87E-06
2158.75356,-0.050138608,0.000514693,1.52E-05,-0.070620337,-0.000282823,8.91E-06
2162.56761,-0.047884186,0.000516129,-5.74E-05,-0.071725384,-0.000213302,1.63E-05
2166.38167,-0.046342218,0.000349262,-5.73E-05,-0.072591121,-0.000160341,1.66E-05
2170.19572,-0.045830738,0.000187524,-5.72E-05,-0.073007052,-0.000108861,1.71E-05
2174.00977,-0.046360326,2.28E-05,-5.70E-05,-0.073027838,-5.33E-05,1.77E-05
2177.82382,-0.047515697,-0.000139934,-5.68E-05,-0.072831842,5.66E-06,1.84E-05
2181.63788,-0.049302215,-0.000304969,-5.66E-05,-0.072353823,7.00E-05,1.91E-05
2185.45193,-0.051822559,-0.000467623,-5.63E-05,-0.071484663,0.000137928,1.97E-05
2189.26598,-0.054747452,-0.000624841,-5.01E-05,-0.07025113,0.00020811,2.04E-05
2193.08003,-0.057169818,-0.000783332,-3.00E-06,-0.068934852,0.000283335,2.12E-05
2196.89408,-0.059733215,-0.00091754,-7.99E-07,-0.067457776,0.000361719,2.12E-05
2200.70814,-0.062072228,-0.000867537,2.22E-05,-0.0657472,0.000419418,1.37E-05
2204.52219,-0.064254564,-0.000565123,8.31E-05,-0.063865773,0.000345773,-2.96E-05
2208.33624,-0.065752401,-0.000271922,8.27E-05,-0.062027741,0.000267177,-3.05E-05
2212.15029,-0.066573185,2.66E-05,8.24E-05,-0.060352744,0.000179653,-3.15E-05
2215.96435,-0.066393134,0.000314902,8.20E-05,-0.058983562,8.80E-05,-3.24E-05
2219.7784,-0.06503423,0.000609162,8.16E-05,-0.057823837,-1.29E-05,-3.34E-05
2223.59245,-0.062360371,0.000899087,8.13E-05,-0.057198692,-0.000117227,-3.41E-05
2227.4065,-0.058498049,0.001186693,8.12E-05,-0.05763056,-0.000218613,-3.43E-05
2231.22055,-0.053475242,0.001474281,8.14E-05,-0.058963209,-0.000312685,-3.31E-05
2235.03461,-0.047596522,0.001763458,8.28E-05,-0.060588764,-0.000392354,-1.80E-05
2238.84866,-0.040764416,0.00206403,8.54E-05,-0.062266326,-0.000338156,1.61E-05
2242.66271,-0.032782183,0.002353752,8.16E-05,-0.063750376,-0.000273598,1.71E-05
2246.47676,-0.024109118,0.002349473,-1.78E-05,-0.064808461,-0.00018452,2.33E-05
2250.29082,-0.014415997,0.002343282,-1.81E-05,-0.065345987,-8.79E-05,2.30E-05
2254.10487,-0.004405377,0.002334771,-1.85E-05,-0.065298913,1.41E-05,2.27E-05
2257.91892,0.005456839,0.002323523,-1.89E-05,-0.064715293,0.000117451,2.24E-05
2261.73297,0.014563402,0.002310536,-1.92E-05,-0.063565507,0.000209142,2.21E-05
2265.54702,0.023538366,0.002296015,-1.94E-05,-0.062078978,0.000296076,2.19E-05
2269.36108,0.032258989,0.002281296,-1.96E-05,-0.060480045,0.000374941,2.18E-05
2273.17513,0.040727343,0.002266724,-1.94E-05,-0.058858627,0.000447968,1.34E-05
2276.98918,0.048665958,0.002252449,-1.01E-05,-0.057337127,0.00051656,1.36E-05
2280.80323,0.056920881,0.002252971,1.33E-05,-0.055763892,0.000585458,1.44E-05
2284.61729,0.065061271,0.002254093,1.38E-05,-0.05406714,0.000653752,1.44E-05
2288.43134,0.073394117,0.002255352,1.37E-05,-0.052185531,0.000720353,1.44E-05
2292.24539,0.081700614,0.002262855,1.54E-05,-0.050184538,0.000637815,-2.63E-05
2296.05944,0.089856866,0.00227051,1.53E-05,-0.048284582,0.000555836,-2.63E-05
2299.87349,0.098040132,0.00227888,1.53E-05,-0.046384912,0.000469234,-2.63E-05
2303.68755,0.106031972,0.002286927,1.53E-05,-0.044729777,0.000384077,-2.64E-05
2307.5016,0.114077454,0.002295367,1.52E-05,-0.043468338,0.000294181,-2.64E-05
2311.31565,0.121934225,0.00230326,1.52E-05,-0.042898006,0.000204743,-2.64E-05
2315.1297,0.129524077,0.002310932,-6.39E-06,-0.042948083,0.000111822,-2.71E-05
2318.94376,0.136226558,0.001916911,-0.000128584,-0.043530515,9.31E-06,-2.99E-05
2322.75781,0.142172388,0.001500175,-0.000134457,-0.044395801,-9.27E-05,-2.94E-05
2326.57186,0.146700985,0.001081072,-0.000134962,-0.045379789,-0.000190934,-2.65E-06
2330.38591,0.149536107,0.000658918,-0.000135077,-0.046427268,-0.000171178,8.87E-06
2334.19996,0.150795979,0.000236481,-0.000135036,-0.047401785,-0.000143341,9.79E-06
2338.01402,0.150450425,-0.000177823,-0.000134987,-0.048368739,-0.000112092,1.04E-05
2341.82807,0.148567619,-0.000581615,-0.000134938,-0.049132106,-7.77E-05,1.11E-05
2345.64212,0.145617182,-0.000985312,-0.000131156,-0.04967435,-3.97E-05,1.16E-05
2349.45617,0.141645962,-0.001398844,-5.91E-06,-0.050245514,3.21E-06,1.05E-05
2353.27023,0.136784462,-0.00172286,1.41E-08,-0.050782217,4.90E-05,1.04E-05
2357.08428,0.131555144,-0.00172656,6.22E-08,-0.051237147,8.99E-05,1.04E-05
2360.89833,0.126316664,-0.001718237,9.51E-08,-0.0512819,0.000127089,1.04E-05
2364.71238,0.120949863,-0.001709806,1.15E-07,-0.05100384,0.000162645,1.04E-05
2368.52643,0.115306752,-0.001701608,1.27E-07,-0.050526155,0.000195845,1.04E-05
2372.34049,0.10927331,-0.001693173,1.32E-07,-0.049794288,0.00022923,1.04E-05
2376.15454,0.103253684,-0.001684854,1.31E-07,-0.048809687,0.000261469,1.04E-05
2379.96859,0.097068131,-0.001676831,1.24E-07,-0.047672752,0.000292509,1.04E-05
2383.78264,0.091186797,-0.001669251,-1.43E-07,-0.046528684,0.00032164,1.44E-06
2387.5967,0.085386551,-0.00166295,-3.52E-07,-0.045334617,0.000302764,-6.34E-06
2391.41075,0.079513025,-0.001656816,-3.47E-07,-0.044123165,0.000280079,-6.75E-06
2395.2248,0.073789976,-0.001650854,-3.26E-07,-0.042937853,0.000256327,-6.75E-06
2399.03885,0.068241332,-0.001644942,-3.01E-07,-0.041741316,0.000232316,-6.76E-06
2402.8529,0.062788371,-0.001520091,2.53E-05,-0.040467831,0.000205325,-7.08E-06
2406.66696,0.057792978,-0.001386123,3.84E-05,-0.039323015,0.000179354,-7.09E-06
2410.48101,0.052930706,-0.001251858,3.92E-05,-0.038394007,0.000155349,-6.96E-06
2414.29506,0.048403908,-0.001120759,3.92E-05,-0.037705892,0.000133825,-6.85E-06
2418.10911,0.04426303,-0.000986944,3.92E-05,-0.037275054,0.000113336,-6.77E-06
2421.92317,0.04074682,-0.000853048,3.92E-05,-0.037036604,9.41E-05,-6.72E-06
2425.73722,0.037842522,-0.000720371,3.92E-05,-0.037010289,7.59E-05,-6.71E-06
2429.55127,0.035198177,-0.000585155,3.92E-05,-0.037084242,5.76E-05,-5.56E-06
2433.36532,0.033149166,-0.000450278,3.92E-05,-0.037289399,5.10E-05,-3.14E-07
2437.17938,0.031451839,-0.000315812,3.92E-05,-0.037479076,4.54E-05,1.85E-07
2440.99343,0.030228451,-0.000184731,3.92E-05,-0.037580535,4.01E-05,1.85E-07
2444.80748,0.029538956,-5.12E-05,3.92E-05,-0.037547417,3.47E-05,1.85E-07
2448.62153,0.029503353,8.16E-05,2.32E-05,-0.037382798,2.93E-05,1.63E-07
2452.43558,0.029520284,0.000118852,-5.41E-06,-0.037080504,2.37E-05,1.24E-07
2456.24964,0.029608371,9.88E-05,-9.09E-06,-0.036752816,1.80E-05,1.18E-07
2460.06369,0.029553538,7.21E-05,-9.09E-06,-0.036414325,1.23E-05,1.18E-07
2463.87774,0.029379645,4.59E-05,-9.09E-06,-0.036087684,6.68E-06,1.18E-07
2467.69179,0.029251002,1.93E-05,-9.09E-06,-0.035812274,9.62E-07,1.18E-07
2471.50585,0.029138708,-7.42E-06,-9.09E-06,-0.035753861,-4.77E-06,1.18E-07
2475.3199,0.029069515,-3.35E-05,-9.09E-06,-0.035900324,-1.04E-05,1.18E-07
2479.13395,0.028912129,-6.00E-05,-9.09E-06,-0.036148964,-1.61E-05,1.18E-07
2482.948,0.028680807,-8.67E-05,-9.09E-06,-0.036384279,-2.18E-05,1.18E-07
2486.76205,0.028260197,-0.0001128,-9.09E-06,-0.036567515,-2.74E-05,1.18E-07
2490.57611,0.027531557,-0.000139354,-9.09E-06,-0.036614231,-3.31E-05,1.18E-07
2494.39016,0.026404754,-0.000165506,-6.24E-06,-0.036507788,-3.91E-05,1.22E-07
2498.20421,0.025395789,-0.000192078,-5.48E-06,-0.036231952,-4.54E-05,-4.33E-06
2502.01826,0.024632611,-0.000218797,-5.48E-06,-0.035836082,-5.17E-05,-5.52E-06
2505.83232,0.023894599,-0.000244981,-5.48E-06,-0.035486914,-5.79E-05,-5.52E-06
2509.64637,0.023031221,-0.000271554,-5.48E-06,-0.035345658,-6.42E-05,-5.52E-06
2513.46042,0.021932437,-0.000297745,-5.48E-06,-0.035446153,-7.04E-05,-5.52E-06
2517.27447,0.020914096,-0.000324303,-5.48E-06,-0.035811029,-7.66E-05,-5.52E-06
2521.08852,0.019877557,-0.00035101,-5.48E-06,-0.036435724,-8.30E-05,-5.52E-06
2524.90258,0.018558646,-0.000377189,-5.48E-06,-0.037157062,-8.91E-05,-5.52E-06
2528.71663,0.016883986,-0.000383384,1.13E-07,-0.037809282,-9.53E-05,-2.38E-06
2532.53068,0.015410742,-0.00038258,2.06E-06,-0.038370071,-7.97E-05,6.29E-06
2536.34473,0.014065341,-0.000381789,2.06E-06,-0.038884964,-5.65E-05,8.89E-06
2540.15879,0.012914738,-0.000381013,2.06E-06,-0.039226413,-3.38E-05,8.89E-06
2543.97284,0.011747889,-0.000380227,2.06E-06,-0.039257721,-1.09E-05,8.89E-06
2547.78689,0.010631892,-0.000379429,2.06E-06,-0.039107997,1.24E-05,8.89E-06
2551.60094,0.009441793,-0.000378651,2.06E-06,-0.038998585,3.54E-05,8.89E-06
2555.41499,0.008068045,-0.000377858,2.06E-06,-0.038972349,5.85E-05,8.89E-06
2559.22905,0.006686647,-0.000377065,2.06E-06,-0.038907513,8.18E-05,8.89E-06
2563.0431,0.005416682,-0.000361846,2.06E-06,-0.038645514,0.00010503,8.89E-06
2566.85715,0.004555692,-0.000320419,2.06E-06,-0.038156294,0.000127737,8.89E-06
2570.6712,0.003838793,-0.000269693,2.06E-06,-0.037585015,0.000150909,8.89E-06
2574.48526,0.003067492,-0.000213606,2.06E-06,-0.037052249,0.000174292,8.89E-06
2578.29931,0.002274007,-0.00015672,2.06E-06,-0.036648367,0.000197162,8.89E-06
2582.11336,0.00138057,-9.94E-05,1.89E-05,-0.036307277,0.00017811,-9.22E-06
2585.92741,0.000466841,-4.12E-05,2.65E-05,-0.036020598,0.000130107,-1.75E-05
2589.74146,-0.000172744,1.61E-05,2.65E-05,-0.035814057,7.88E-05,-1.75E-05
2593.55552,-0.000172027,7.36E-05,2.65E-05,-0.035631289,2.73E-05,-1.75E-05
2597.36957,0.000402748,0.00013193,2.65E-05,-0.035469119,-2.50E-05,-1.75E-05
2601.18362,0.001318006,0.000189302,2.65E-05,-0.035421866,-7.64E-05,-1.75E-05
2604.99767,0.00257281,0.000246888,2.65E-05,-0.035619847,-0.000128022,-1.75E-05
2608.81173,0.004188372,0.000304734,1.38E-05,-0.036183622,-0.000179856,-1.75E-05
2612.62578,0.00582566,0.000362037,7.19E-06,-0.03705454,-0.000231204,-1.75E-05
2616.43983,0.007508433,0.000414308,7.19E-06,-0.038165396,-0.000283101,-1.75E-05
2620.25388,0.009261289,0.000463775,7.19E-06,-0.039424995,-0.000335335,-1.75E-05
2624.06793,0.011211047,0.000513046,7.19E-06,-0.040772056,-0.000387356,-1.75E-05
2627.88199,0.013449194,0.000561177,7.19E-06,-0.042263591,-0.000438164,-1.75E-05
2631.69604,0.015733859,0.00060972,7.17E-06,-0.043954246,-0.000447208,1.76E-06
2635.51009,0.018033089,0.000659183,7.13E-06,-0.045729598,-0.000430596,1.34E-05
2639.32414,0.020471315,0.000710153,7.07E-06,-0.047462277,-0.000411309,1.35E-05
2643.1382,0.023048643,0.000760968,1.11E-05,-0.049063208,-0.000390256,1.36E-05
2646.95225,0.025853369,0.000811423,1.38E-05,-0.050481219,-0.000368616,1.37E-05
2650.7663,0.029078988,0.000862029,1.37E-05,-0.051674441,-0.00034667,1.38E-05
2654.58035,0.032497561,0.000911465,1.37E-05,-0.052610063,-0.000325047,1.39E-05
2658.3944,0.036016834,0.000960736,1.36E-05,-0.053378807,-0.000303522,1.39E-05
2662.20846,0.039682144,0.001010188,1.35E-05,-0.054045621,-0.000282107,1.40E-05
2666.02251,0.043453417,0.001059372,1.44E-05,-0.054641479,-0.000261054,-6.41E-06
2669.83656,0.047228854,0.001110408,1.52E-05,-0.055256303,-0.000282436,-2.40E-05
2673.65061,0.050844264,0.001162953,1.53E-05,-0.055993907,-0.000340792,-2.40E-05
2677.46467,0.054347987,0.001214561,1.53E-05,-0.056998712,-0.000399191,-2.40E-05
2681.27872,0.057811552,0.001118255,-2.95E-06,-0.058483513,-0.000465959,-2.49E-05
2685.09277,0.061021825,0.000885243,-4.88E-05,-0.060580872,-0.000541826,-2.69E-05
2688.90682,0.063536086,0.000652887,-7.45E-05,-0.063121822,-0.000617539,-2.78E-05
2692.72087,0.065160393,0.000417776,-7.47E-05,-0.065889794,-0.000691971,-2.74E-05
2696.53493,0.065884256,0.000177514,-7.48E-05,-0.068718426,-0.000764893,-2.69E-05
2700.34898,0.065814192,-5.97E-05,-7.56E-05,-0.071442262,-0.000833771,7.17E-07
2704.16303,0.065131455,-0.000299363,-7.61E-05,-0.074037853,-0.000793364,3.20E-05
2707.97708,0.063619899,-0.000544085,-7.60E-05,-0.076490413,-0.000656974,3.89E-05
2711.79114,0.061204076,-0.000787034,-7.58E-05,-0.078780087,-0.000517541,3.93E-05
2715.60519,0.057844045,-0.0010268,-7.55E-05,-0.080766069,-0.000375904,3.98E-05
2719.41924,0.053970693,-0.001071683,-3.84E-06,-0.082212643,-0.000236283,3.95E-05
2723.23329,0.049973545,-0.000971311,5.00E-05,-0.083057295,-9.68E-05,3.90E-05
2727.04734,0.045983215,-0.000866252,5.02E-05,-0.083302378,4.28E-05,3.87E-05
2730.8614,0.042414455,-0.000761104,5.04E-05,-0.082964408,0.000178958,3.84E-05
2734.67545,0.039495199,-0.000654723,5.06E-05,-0.082146699,0.000313209,3.81E-05
2738.4895,0.037197419,-0.000546554,5.08E-05,-0.080952637,0.000446873,3.79E-05
2742.30355,0.035507088,-0.00043731,5.04E-05,-0.07948045,0.000580083,2.62E-05
2746.11761,0.034290848,-0.000332242,4.96E-05,-0.077886283,0.000653541,4.56E-06
2749.93166,0.03330411,-0.000230036,2.95E-05,-0.076136443,0.000660406,-4.91E-06
2753.74571,0.032497328,-0.000138857,-8.32E-06,-0.074183185,0.000650046,-3.38E-06
2757.55976,0.031782345,-0.000132274,-2.72E-05,-0.072088423,0.000642939,-2.63E-06
2761.37381,0.031050473,-0.000197086,-2.72E-05,-0.06992984,0.000638317,-2.67E-06
2765.18787,0.030293767,-0.00026233,-2.72E-05,-0.067731325,0.000633261,-2.74E-06
2769.00192,0.029457548,-0.000327147,-2.72E-05,-0.065444748,0.000627694,-2.83E-06
2772.81597,0.028446976,-0.000392354,-2.72E-05,-0.063101471,0.000621408,-2.94E-06
2776.63002,0.027022117,-0.000458734,-2.72E-05,-0.060780773,0.000614148,-3.08E-06
2780.44408,0.025004621,-0.000525031,-2.72E-05,-0.058545622,0.000606622,-3.19E-06
2784.25813,0.02244764,-0.000589468,-2.72E-05,-0.056335532,0.000600138,-3.24E-06
2788.07218,0.019712026,-0.000652603,-2.72E-05,-0.053974444,0.000594451,-3.24E-06
2791.88623,0.016910391,-0.000715809,-2.26E-05,-0.051472389,0.000588782,-3.32E-06
2795.70028,0.013947042,-0.000745591,1.24E-06,-0.048999416,0.00058253,-3.73E-06
2799.51434,0.010953545,-0.00074394,1.94E-05,-0.04666682,0.000575819,-4.05E-06
2803.32839,0.007907181,-0.000742289,1.94E-05,-0.044534478,0.00056911,-4.05E-06
2807.14244,0.0049145,-0.000740622,1.94E-05,-0.042661006,0.000562335,-4.05E-06
2810.95649,0.002144858,-0.000738754,1.96E-05,-0.041067951,0.000567946,3.24E-06
2814.77055,-0.000402695,-0.000737343,1.97E-05,-0.039622613,0.000585022,1.08E-05
2818.5846,-0.002590564,-0.000739483,1.96E-05,-0.038129107,0.000597699,1.09E-05
2822.39865,-0.004126628,-0.00074807,1.94E-05,-0.036437832,0.000602963,1.12E-05
2826.2127,-0.005210561,-0.00076075,1.91E-05,-0.034399959,0.000603634,1.17E-05
2830.02675,-0.006434204,-0.000772524,-4.40E-06,-0.032017215,0.000605579,1.06E-05
2833.84081,-0.007946414,-0.000781651,-4.15E-05,-0.029463397,0.000611103,8.29E-06
2837.65486,-0.009729854,-0.000788318,-4.16E-05,-0.026928903,0.000620311,7.81E-06
2841.46891,-0.011949556,-0.000792145,-4.16E-05,-0.024599341,0.000633495,7.54E-06
2845.28296,-0.014664548,-0.000789806,-4.03E-05,-0.022334826,0.00061788,-7.34E-06
2849.09702,-0.017756188,-0.000777372,-3.81E-05,-0.020071742,0.000544863,-3.48E-05
2852.91107,-0.021302575,-0.000761135,1.34E-05,-0.017794323,0.000480081,-3.15E-05
2856.72512,-0.024407085,-0.000647396,0.000102944,-0.015521517,0.000421571,-2.73E-05
2860.53917,-0.026835892,-0.000360275,0.000102332,-0.013257595,0.000362427,-2.95E-05
2864.35322,-0.02802818,-7.62E-05,0.000101663,-0.011014436,0.000291176,-3.17E-05
2868.16728,-0.02754065,0.000201144,0.000100953,-0.009049954,0.000208915,-3.39E-05
2871.98133,-0.025789242,0.000470663,0.000100233,-0.007541402,0.000116691,-3.60E-05
2875.79538,-0.02308888,0.000738437,9.91E-05,-0.006664043,1.54E-05,-3.77E-05
2879.60943,-0.019721857,0.001003537,6.61E-05,-0.006522312,-8.91E-05,-1.40E-05
2883.42349,-0.015827199,0.001270524,6.40E-06,-0.006856888,-0.000135997,3.16E-05
2887.23754,-0.011195804,0.00146497,6.46E-06,-0.007289165,-6.31E-05,3.16E-05
2891.05159,-0.006189495,0.001497162,6.38E-06,-0.00739395,2.83E-05,3.16E-05
2894.86564,-0.000952233,0.001529037,6.18E-06,-0.006942282,0.00012789,3.16E-05
2898.67969,0.00417868,0.001558582,5.84E-06,-0.005821718,0.000234297,3.17E-05
2902.49375,0.009156437,0.001584801,5.36E-06,-0.004107941,0.000348985,3.18E-05
2906.3078,0.013999694,0.001606399,4.77E-06,-0.001931843,0.000469427,3.19E-05
2910.12185,0.018902339,0.001622582,4.22E-06,0.000609733,0.000593777,2.10E-05
2913.9359,0.024079574,0.001633596,4.07E-06,0.003512745,0.000692915,-9.62E-06
2917.74996,0.029509417,0.001641197,4.33E-06,0.006768254,0.000710027,-9.50E-06
2921.56401,0.034847437,0.001593571,4.58E-06,0.01028637,0.000721385,-9.39E-06
2925.37806,0.03965594,0.001399125,-2.02E-05,0.013546107,0.000702696,-1.17E-05
2929.19211,0.044043023,0.001142772,-7.70E-05,0.016182693,0.000656991,-1.69E-05
2933.00616,0.047929858,0.000892354,-7.70E-05,0.018042328,0.000601216,-1.66E-05
2936.82022,0.051069221,0.000643763,-7.71E-05,0.019441987,0.000546562,-1.62E-05
2940.63427,0.053152063,0.000394455,-7.72E-05,0.020464827,0.000494319,-1.51E-05
2944.44832,0.054235535,0.000149103,-7.74E-05,0.02096273,0.000445447,-1.32E-05
2948.26237,0.054497995,-9.28E-05,-7.75E-05,0.021145775,0.000399922,-1.28E-05
2952.07643,0.054031823,-0.000340018,-7.76E-05,0.021515098,0.000357022,-1.22E-05
2955.89048,0.053020845,-0.000586216,-7.77E-05,0.022165183,0.000320869,-1.12E-05
2959.70453,0.051419361,-0.000832666,-6.56E-05,0.023270375,0.000295171,-9.68E-06
2963.51858,0.048906099,-0.001049263,-1.82E-05,0.024679675,0.000280287,-7.82E-06
2967.33263,0.045593435,-0.001135693,1.74E-05,0.025956989,0.000264891,-7.54E-06
2971.14669,0.042375987,-0.00106851,1.74E-05,0.027268414,0.00023763,-7.57E-06
2974.96074,0.039183848,-0.001003967,1.74E-05,0.028492731,0.000202016,-7.45E-06
2978.77479,0.03608939,-0.00093783,1.75E-05,0.029163948,0.000168054,-7.36E-06
2982.58884,0.03332274,-0.000870601,1.75E-05,0.029245415,0.000138787,-7.34E-06
2986.4029,0.031011878,-0.000803755,1.74E-05,0.029113291,0.000112361,-6.75E-06
2990.21695,0.028774524,-0.000735909,1.74E-05,0.029004378,8.68E-05,-4.41E-06
2994.031,0.02628674,-0.00066784,1.74E-05,0.029061978,6.38E-05,-4.49E-06
2997.84505,0.023901816,-0.000599823,1.74E-05,0.029222963,5.11E-05,-4.57E-06
3001.65911,0.021767852,-0.000532975,1.74E-05,0.029466937,3.80E-05,-4.64E-06
3005.47316,0.019763136,-0.000466961,1.73E-05,0.029717266,2.44E-05,-4.72E-06
3009.28721,0.017897737,-0.00039997,1.73E-05,0.030005031,9.95E-06,-4.79E-06
3013.10126,0.016529898,-0.000333962,1.73E-05,0.030218945,-5.33E-06,-4.84E-06
3016.91531,0.015345078,-0.000266997,1.73E-05,0.03033614,-2.20E-05,-4.83E-06
3020.72937,0.01431168,-0.000200833,1.73E-05,0.030396242,-3.86E-05,-4.82E-06
3024.54342,0.013497158,-0.000133202,1.73E-05,0.030421985,-5.55E-05,-4.80E-06
3028.35747,0.013016589,-6.59E-05,1.73E-05,0.030435294,-7.20E-05,-4.78E-06
3032.17152,0.012822882,3.67E-07,1.73E-05,0.030367736,-8.83E-05,-4.76E-06
3035.98558,0.01291343,6.15E-05,1.63E-05,0.030200976,-0.000104339,-4.72E-06
3039.79963,0.013051914,8.99E-05,8.75E-06,0.029926792,-0.000111941,-2.09E-06
3043.61368,0.013190024,7.64E-05,-5.80E-06,0.02944161,-9.13E-05,7.04E-06
3047.42773,0.013291112,6.25E-05,-5.80E-06,0.028744366,-7.02E-05,7.05E-06
3051.24178,0.013229284,4.87E-05,-5.79E-06,0.028164825,-4.94E-05,7.05E-06
3055.05584,0.013259071,3.50E-05,-5.78E-06,0.02786639,-2.86E-05,7.06E-06
3058.86989,0.01353744,2.15E-05,-5.77E-06,0.027842327,-7.95E-06,7.07E-06
3062.68394,0.014042136,7.93E-06,-5.76E-06,0.027965106,1.29E-05,7.07E-06
3066.49799,0.014131956,-5.64E-06,-5.76E-06,0.028119953,3.38E-05,7.08E-06
3070.31205,0.014087669,-1.91E-05,-5.76E-06,0.028383183,5.45E-05,7.08E-06
3074.1261,0.013739339,-3.27E-05,-5.76E-06,0.028781247,7.56E-05,7.08E-06
3077.94015,0.013320774,-4.63E-05,-5.76E-06,0.029266964,9.65E-05,7.08E-06
3081.7542,0.01277791,-5.98E-05,-5.12E-06,0.029763035,0.000117092,5.29E-06
3085.56825,0.012196644,-7.36E-05,-1.85E-06,0.030295942,0.000132658,-3.79E-06
3089.38231,0.011662507,-8.77E-05,-1.85E-06,0.030827451,0.000120316,-3.80E-06
3093.19636,0.011336033,-0.000102095,-1.85E-06,0.0313848,0.000107583,-3.80E-06
3097.01041,0.011006634,-0.000116595,-1.84E-06,0.031841901,9.47E-05,-3.80E-06
3100.82446,0.010366651,-0.000130569,-1.83E-06,0.032215957,8.17E-05,-3.80E-06
3104.63852,0.009668888,-0.000141279,-1.83E-06,0.032505226,6.89E-05,-3.81E-06
3108.45257,0.009086188,-0.000151779,-1.82E-06,0.032634496,5.62E-05,-3.81E-06
3112.26662,0.008828327,-0.000162486,-1.81E-06,0.032565325,4.30E-05,-3.82E-06
3116.08067,0.008595507,-0.000173155,-1.80E-06,0.032312832,2.97E-05,-3.82E-06
3119.89472,0.008028072,-0.000183745,-1.79E-06,0.031983296,1.64E-05,-3.83E-06
3123.70878,0.007058515,-0.000193037,-1.58E-06,0.031729857,2.96E-06,-3.83E-06
3127.52283,0.005801469,-0.000194877,-3.82E-07,0.031687823,-1.04E-05,-3.83E-06
3131.33688,0.004645049,-0.000196663,-3.76E-07,0.031811933,-2.34E-05,-3.83E-06
3135.15093,0.003577055,-0.000198413,-3.75E-07,0.032017687,-3.60E-05,-3.83E-06
3138.96499,0.002805477,-0.000200169,-3.75E-07,0.032047133,-4.85E-05,-3.83E-06
3142.77904,0.002233306,-0.000201957,-3.75E-07,0.031953859,-6.14E-05,-3.83E-06
3146.59309,0.001712261,-0.000203741,-3.75E-07,0.031842949,-7.41E-05,-3.83E-06
3150.40714,0.001396651,-0.000205564,-3.75E-07,0.031692405,-8.70E-05,-3.83E-06
3154.22119,0.000967625,-0.000207338,-4.25E-07,0.031384956,-9.98E-05,-3.50E-06
3158.03525,0.000128564,-0.000209172,-1.12E-06,0.03090103,-0.000111574,1.09E-06
3161.8493,-0.000694297,-0.00021107,-1.12E-06,0.030247743,-0.000108578,1.10E-06
3165.66335,-0.001499383,-0.000212918,-1.12E-06,0.029543285,-0.000105641,1.10E-06
3169.4774,-0.002356729,-0.00021482,-1.12E-06,0.028918751,-0.000102651,1.10E-06
3173.29146,-0.003270872,-0.000216713,-1.12E-06,0.028441084,-9.97E-05,1.10E-06
3177.10551,-0.004129321,-0.000218593,-1.12E-06,0.028074741,-9.67E-05,1.10E-06
3180.91956,-0.005123639,-0.000220429,-1.12E-06,0.027736187,-9.38E-05,1.10E-06
3184.73361,-0.005946405,-0.000222314,-1.12E-06,0.02752188,-9.08E-05,1.10E-06
3188.54766,-0.006700916,-0.000224224,-1.12E-06,0.027392153,-8.78E-05,1.10E-06
3192.36172,-0.007342794,-0.000226079,-1.12E-06,0.027296945,-8.48E-05,1.10E-06
3196.17577,-0.008091246,-0.000227982,-1.12E-06,0.02717148,-8.18E-05,1.10E-06
3199.98982,-0.008825622,-0.000229875,-1.12E-06,0.027080852,-7.88E-05,1.09E-06
3203.80387,-0.009483957,-0.000231758,-1.11E-06,0.027065769,-7.58E-05,6.87E-07
3207.61793,-0.010097777,-0.000232484,-1.11E-06,0.027032535,-7.29E-05,6.87E-07
3211.43198,-0.01102769,-0.000205887,-1.11E-06,0.026880565,-6.98E-05,6.87E-07
3215.24603,-0.012160695,-0.000178643,-7.45E-07,0.026552147,-6.67E-05,6.89E-07
3219.06008,-0.013399829,-0.000150977,1.55E-05,0.026081496,-6.35E-05,7.76E-07
3222.87413,-0.014412448,-0.000124077,1.55E-05,0.025562825,-6.05E-05,7.76E-07
3226.68819,-0.015201124,-9.65E-05,1.55E-05,0.025101813,-5.73E-05,7.76E-07
3230.50224,-0.015729244,-6.90E-05,1.55E-05,0.024770812,-5.41E-05,7.76E-07
3234.31629,-0.015689527,-4.16E-05,1.55E-05,0.02453994,-5.10E-05,7.76E-07
3238.13034,-0.0152837,-1.51E-05,1.55E-05,0.024364114,-4.80E-05,7.76E-07
3241.9444,-0.014466678,1.22E-05,3.38E-06,0.024300334,-4.48E-05,7.11E-07
3245.75845,-0.013768635,3.92E-05,9.57E-07,0.024263847,-4.18E-05,6.98E-07
3249.5725,-0.013121818,5.29E-05,8.93E-07,0.024259387,-3.87E-05,6.98E-07
3253.38655,-0.012953779,6.59E-05,8.93E-07,0.024220955,-3.58E-05,6.98E-07
3257.2006,-0.012817357,7.92E-05,8.93E-07,0.02404936,-3.28E-05,6.98E-07
3261.01466,-0.012762637,9.25E-05,8.93E-07,0.023864258,-2.99E-05,6.98E-07
3264.82871,-0.01270267,0.000105706,8.93E-07,0.023659585,-2.69E-05,6.98E-07
3268.64276,-0.012569828,0.00011893,8.93E-07,0.023481661,-2.41E-05,6.98E-07
3272.45681,-0.012397636,0.000132145,8.93E-07,0.023344801,-2.12E-05,6.98E-07
3276.27087,-0.01164426,0.000145009,8.93E-07,0.023172915,-1.83E-05,6.98E-07
3280.08492,-0.010620669,0.000158195,8.93E-07,0.022977867,-1.54E-05,6.98E-07
3283.89897,-0.009625106,0.000171085,8.93E-07,0.022754653,-1.26E-05,6.98E-07
3287.71302,-0.008708024,0.000184313,8.93E-07,0.022727896,-9.60E-06,6.98E-07
3291.52707,-0.0079476,0.000197595,8.93E-07,0.022839729,-6.69E-06,6.98E-07
3295.34113,-0.007327879,0.000210968,8.93E-07,0.022888801,-9.96E-06,6.98E-07
3299.15518,-0.007084652,0.000223857,9.03E-07,0.022900763,-1.34E-05,-1.11E-06
3302.96923,-0.006944846,0.000237074,8.40E-06,0.022837575,-1.70E-05,-1.23E-06
3306.78328,-0.006704764,0.000250379,9.02E-06,0.022758399,-2.06E-05,-1.22E-06
3310.59734,-0.006040943,0.000263743,9.02E-06,0.022696469,-2.42E-05,-1.22E-06
3314.41139,-0.005001579,0.000276925,9.02E-06,0.022656476,-2.78E-05,-1.22E-06
3318.22544,-0.003503348,0.000289823,9.02E-06,0.022675315,-3.13E-05,-1.22E-06
3322.03949,-0.001862224,0.000303039,9.02E-06,0.022638674,-3.49E-05,-1.22E-06
3325.85354,-0.000257355,0.000316003,6.02E-06,0.022472747,-3.84E-05,-1.24E-06
3329.6676,0.001116754,0.000329281,-1.80E-07,0.022219059,-4.20E-05,-1.27E-06
3333.48165,0.002232912,0.000342627,-8.53E-07,0.022018055,-4.56E-05,-1.27E-06
3337.2957,0.003343181,0.000355685,-8.53E-07,0.021937224,-4.92E-05,-1.27E-06
3341.10975,0.004747302,0.000369048,-8.53E-07,0.021919814,-5.28E-05,-1.27E-06
3344.92381,0.006260465,0.000382262,-8.53E-07,0.021803598,-5.63E-05,-1.27E-06
3348.73786,0.007845114,0.000394172,-8.53E-07,0.021572752,-5.99E-05,-1.27E-06
3352.55191,0.009517319,0.000388829,-8.53E-07,0.021255189,-6.35E-05,-1.27E-06
3356.36596,0.011040508,0.000380762,-8.53E-07,0.020949436,-6.73E-05,-1.27E-06
3360.18001,0.012406882,0.000372657,-8.53E-07,0.020623867,-7.10E-05,-1.27E-06
3363.99407,0.01357504,0.000364707,-8.69E-07,0.020232141,-7.39E-05,1.60E-06
3367.80812,0.014533036,0.000356671,-8.71E-07,0.01978026,-6.86E-05,2.09E-06
3371.62217,0.015386793,0.000348589,-8.71E-07,0.019320811,-6.18E-05,2.09E-06
3375.43622,0.016380076,0.000340665,-8.71E-07,0.018931431,-5.53E-05,2.09E-06
3379.25028,0.017409507,0.00033275,-8.71E-07,0.018586289,-4.87E-05,2.09E-06
3383.06433,0.01859159,0.000324638,-8.71E-07,0.018383164,-4.19E-05,2.09E-06
3386.87838,0.019865215,0.000316628,-8.71E-07,0.018304633,-3.52E-05,2.09E-06
3390.69243,0.021347837,0.000294858,-8.71E-07,0.018375977,-2.85E-05,2.09E-06
3394.50648,0.022815024,0.000269595,-7.46E-06,0.018515463,-2.17E-05,2.05E-06
3398.32054,0.024299557,0.000244393,-9.73E-06,0.018645387,-1.50E-05,2.04E-06
3402.13459,0.025521181,0.00021978,-9.89E-06,0.01873932,-8.49E-06,2.04E-06
3405.94864,0.026421454,0.000194848,-9.89E-06,0.018824407,-1.87E-06,2.04E-06
3409.76269,0.027023215,0.000170373,-9.89E-06,0.018920164,4.64E-06,2.04E-06
3413.57675,0.027427452,0.000145281,-9.89E-06,0.019071547,1.13E-05,1.51E-06
3417.3908,0.027795959,0.000120028,-9.89E-06,0.019261508,1.81E-05,1.35E-06
3421.20485,0.028072388,9.54E-05,-9.89E-06,0.019395682,2.46E-05,1.35E-06
3425.0189,0.028083888,7.05E-05,-9.89E-06,0.019476295,3.12E-05,1.35E-06
3428.83295,0.028052857,4.55E-05,-3.03E-06,0.019493192,3.78E-05,1.38E-06
3432.64701,0.027984529,2.04E-05,-8.24E-07,0.019464701,4.46E-05,1.40E-06
3436.46106,0.02786631,-4.35E-06,-8.24E-07,0.019432122,5.11E-05,1.40E-06
3440.27511,0.027922901,-2.02E-05,-8.24E-07,0.019448217,5.78E-05,1.40E-06
3444.08916,0.02811014,-3.27E-05,-8.24E-07,0.019521375,6.44E-05,1.40E-06
3447.90322,0.028319535,-4.54E-05,-8.24E-07,0.019618855,7.11E-05,1.40E-06
3451.71727,0.028469863,-5.83E-05,-8.24E-07,0.019738183,7.79E-05,1.40E-06
3455.53132,0.028532954,-7.11E-05,-8.24E-07,0.019819469,8.46E-05,1.40E-06
3459.34537,0.028465619,-8.38E-05,-8.24E-07,0.019842271,9.13E-05,1.40E-06
3463.15942,0.028383425,-6.29E-05,-8.24E-07,0.019855457,9.81E-05,1.40E-06
3466.97348,0.028361499,-2.89E-05,-8.24E-07,0.019871281,0.000105024,1.40E-06
3470.78753,0.028441,5.41E-06,-8.20E-07,0.019859035,0.000109018,5.73E-07
3474.60158,0.028474048,3.94E-05,-7.35E-07,0.019790722,5.25E-05,-1.53E-05
3478.41563,0.028368991,7.39E-05,1.09E-05,0.01960949,-2.86E-05,-2.18E-05
3482.22969,0.028250039,0.000108316,1.61E-05,0.019230238,-0.00010988,-2.18E-05
3486.04374,0.028446489,0.000140977,1.60E-05,0.018466907,-0.0001908,-2.19E-05
3489.85779,0.029033688,0.000170496,1.57E-05,0.017128395,-0.000274137,-2.21E-05
3493.67184,0.029863293,0.0001966,1.52E-05,0.015282403,-0.000360321,-2.24E-05
3497.48589,0.03090866,0.000219192,1.48E-05,0.013119533,-0.000448024,-2.27E-05
3501.29995,0.032057162,0.000238555,1.43E-05,0.01082023,-0.000536272,-2.30E-05
3505.114,0.033227663,0.000255247,1.39E-05,0.008398001,-0.000626952,-2.33E-05
3508.92805,0.034360374,0.000269012,1.35E-05,0.005877005,-0.000717839,-2.35E-05
3512.7421,0.035327824,0.000241629,-2.36E-05,0.003217809,-0.00080502,-1.90E-05
3516.55616,0.035913613,0.000133432,-3.71E-05,0.000616413,-0.000879233,-1.72E-05
3520.37021,0.035965607,1.51E-05,-3.70E-05,-0.001802115,-0.000948086,-1.76E-05
3524.18426,0.035849896,-9.51E-05,-3.67E-05,-0.004068549,-0.001020899,-1.82E-05
3527.99831,0.035396695,-0.000184551,-3.11E-05,-0.006141024,-0.000878665,4.38E-05
3531.81237,0.034628245,-0.000274115,-3.17E-05,-0.007849863,-0.000715865,4.72E-05
3535.62642,0.033660257,-0.000372332,-3.26E-05,-0.009187171,-0.000554084,4.66E-05
3539.44047,0.032511731,-0.000477876,-3.35E-05,-0.010074953,-0.000395779,4.59E-05
3543.25452,0.030930278,-0.000587028,-3.45E-05,-0.010522541,-0.000245926,4.52E-05
3547.06857,0.028497893,-0.000704802,-3.54E-05,-0.010385233,-9.77E-05,4.45E-05
3550.88263,0.025633175,-0.000828226,-3.17E-05,-0.009785863,4.49E-05,4.40E-05
3554.69668,0.022766406,-0.000944069,-6.98E-06,-0.008958432,0.000181338,4.49E-05
3558.51073,0.020123803,-0.000970832,2.14E-05,-0.007916062,0.000319318,4.69E-05
3562.32478,0.017711487,-0.000863369,2.06E-05,-0.006485447,0.000471091,4.73E-05
3566.13884,0.015450944,-0.000759821,2.00E-05,-0.004768526,0.000628516,4.75E-05
3569.95289,0.013291518,-0.000657653,2.64E-05,-0.002991793,0.00078823,2.10E-05
3573.76694,0.011207373,-0.000544214,4.13E-05,-0.001270334,0.000855255,-2.14E-05
3577.58099,0.009226345,-0.000408708,4.83E-05,0.000498909,0.000772092,-2.07E-05
3581.39504,0.007592988,-0.000270724,4.81E-05,0.002382375,0.000690183,-2.11E-05
3585.2091,0.006646136,-0.000131563,4.78E-05,0.004145609,0.000607483,-2.16E-05
3589.02315,0.006730475,7.06E-06,4.75E-05,0.005379159,0.000521998,-2.25E-05
3592.8372,0.007717337,0.000144337,4.70E-05,0.006038125,0.000431635,-2.35E-05
3596.65125,0.009160413,0.000280722,3.30E-05,0.00633846,0.000333545,-2.48E-05
3600.46531,0.01067784,0.000412573,-3.93E-06,0.006551544,0.000229571,-2.63E-05
3604.27936,0.012176233,0.000525098,-4.38E-06,0.006825744,0.000123393,-2.62E-05
3608.09341,0.013634713,0.000572508,-4.69E-06,0.007043766,1.83E-05,-2.61E-05
3611.90746,0.015240335,0.00054741,-4.88E-06,0.007127846,-8.54E-05,-2.61E-05
3615.72151,0.017077557,0.000521872,-4.94E-06,0.006907529,-0.000185662,-2.61E-05
3619.53557,0.018693573,0.000497291,-4.89E-06,0.006403403,-0.000282911,-2.61E-05
3623.34962,0.020164704,0.000473694,-4.75E-06,0.005534053,-0.000380587,-2.61E-05
3627.16367,0.021610907,0.000449387,-4.71E-06,0.004170157,-0.000480021,-2.61E-05
3630.97772,0.022886275,0.000422412,-4.81E-06,0.0022383,-0.000581484,-2.61E-05
3634.79178,0.023841732,0.000393181,-3.50E-06,-0.000152553,-0.000683589,-2.20E-05
3638.60583,0.024697178,0.000363702,1.93E-06,-0.002770487,-0.000767791,-6.66E-06
3642.41988,0.02546871,0.000337623,1.91E-06,-0.005345605,-0.000783085,-6.66E-06
3646.23393,0.026266687,0.00031205,1.89E-06,-0.007853595,-0.000798071,-6.67E-06
3650.04798,0.027083068,0.000287768,1.88E-06,-0.010165849,-0.000812447,-6.67E-06
3653.86204,0.028157083,0.00023958,1.89E-06,-0.012351383,-0.000825197,-6.67E-06
3657.67609,0.029297591,7.69E-05,-1.40E-05,-0.014612052,-0.000833762,-6.13E-06
3661.49014,0.030322981,-8.42E-05,-8.14E-05,-0.016942045,-0.000843288,-3.94E-06
3665.30419,0.030910319,-0.000243364,-8.12E-05,-0.019375625,-0.000848358,2.02E-06
3669.11825,0.030353291,-0.000400137,-8.07E-05,-0.02205611,-0.000815962,2.59E-05
3672.9323,0.028362731,-0.000554418,-8.09E-05,-0.024871518,-0.000728939,2.52E-05
3676.74635,0.025467092,-0.000707885,-5.84E-05,-0.027371777,-0.000645874,2.46E-05
3680.5604,0.022446536,-0.000821152,2.74E-05,-0.029395284,-0.000562061,2.46E-05
3684.37445,0.019886291,-0.000765146,2.72E-05,-0.030700378,-0.000479272,2.47E-05
3688.18851,0.017389529,-0.000709512,2.71E-05,-0.031688189,-0.000394665,2.49E-05
3692.00256,0.015202126,-0.000654007,2.69E-05,-0.032534338,-0.000307732,2.51E-05
3695.81661,0.013503374,-0.000599882,2.67E-05,-0.033249471,-0.000220682,2.52E-05
3699.63066,0.012040766,-0.0005478,2.66E-05,-0.03392318,-0.000134485,2.54E-05
3703.44472,0.010783565,-0.000496275,2.38E-05,-0.034431634,-4.67E-05,2.54E-05
3707.25877,0.009681097,-0.000445625,1.02E-05,-0.034488458,4.21E-05,2.45E-05
3711.07282,0.00851334,-0.000395811,1.03E-05,-0.034134243,0.000131989,2.04E-05
3714.88687,0.00735397,-0.000346351,1.09E-05,-0.033745236,0.000212849,8.55E-06
3718.70092,0.006109317,-0.000294321,1.09E-05,-0.033510436,0.000244232,8.53E-06
3722.51498,0.004977554,-0.000241331,1.10E-05,-0.033376132,0.000276115,8.51E-06
3726.32903,0.00396116,-0.000188447,1.10E-05,-0.033195353,0.000307604,8.47E-06
3730.14308,0.00297644,-0.000132436,1.10E-05,-0.032713771,0.000340348,8.42E-06
3733.95713,0.002325891,-7.84E-05,1.12E-05,-0.031894528,0.000363292,6.15E-06
3737.77119,0.001739283,-1.95E-05,1.19E-05,-0.030881805,0.000312383,-1.51E-05
3741.58524,0.001317646,3.82E-05,1.18E-05,-0.029947491,0.00026111,-1.52E-05
3745.39929,0.001208859,8.84E-05,1.16E-05,-0.029207663,0.00020851,-1.53E-05
3749.21334,0.001341656,8.17E-05,1.03E-05,-0.028697618,0.000155357,-1.54E-05
3753.02739,0.001790187,7.36E-05,-5.16E-06,-0.028292452,0.000101825,-1.55E-05
3756.84145,0.00234868,6.47E-05,-5.20E-06,-0.027976514,4.84E-05,-1.55E-05
3760.6555,0.002605802,5.58E-05,-5.20E-06,-0.027692799,-3.65E-06,-1.55E-05
3764.46955,0.002406302,4.66E-05,-5.20E-06,-0.027557894,-5.70E-05,-1.55E-05
3768.2836,0.00222436,3.74E-05,-5.20E-06,-0.027772832,-0.000110307,-1.55E-05
3772.09766,0.002172999,2.82E-05,-5.20E-06,-0.028345492,-0.000163616,-1.55E-05
3775.91171,0.002291612,1.91E-05,-5.20E-06,-0.029128824,-0.00021681,-1.55E-05
3779.72576,0.002441373,1.01E-05,-5.20E-06,-0.029957883,-0.000264799,-1.42E-05
3783.53981,0.002462033,1.09E-06,-5.18E-06,-0.030847497,-0.000240878,8.91E-06
3787.35386,0.00230796,-7.96E-06,-5.18E-06,-0.03164704,-0.000217014,8.91E-06
3791.16792,0.00209227,-1.71E-05,-5.18E-06,-0.03228912,-0.000192847,8.91E-06
3794.98197,0.001909532,-2.52E-05,-4.51E-06,-0.032796954,-0.000168867,8.91E-06
3798.79602,0.001724381,-1.84E-05,5.31E-06,-0.033133138,-0.000145504,8.91E-06
3802.61007,0.00162797,-1.15E-05,5.49E-06,-0.033407516,-0.00012161,8.91E-06
3806.42413,0.001517619,-4.57E-06,5.49E-06,-0.033768345,-9.77E-05,8.91E-06
3810.23818,0.001278269,2.36E-06,5.49E-06,-0.034064835,-7.38E-05,8.91E-06
3814.05223,0.001064701,9.11E-06,5.49E-06,-0.034350779,-5.05E-05,8.91E-06
3817.86628,0.001072036,1.60E-05,5.49E-06,-0.034529242,-2.67E-05,8.91E-06
3821.68033,0.00111154,2.29E-05,5.49E-06,-0.03453772,-3.07E-06,8.91E-06
3825.49439,0.001225283,2.98E-05,5.49E-06,-0.034370875,2.11E-05,8.91E-06
3829.30844,0.001410076,3.69E-05,5.49E-06,-0.034010589,4.52E-05,8.67E-06
3833.12249,0.001664398,4.38E-05,5.48E-06,-0.033648493,6.86E-05,-2.40E-06
3836.93654,0.001980341,5.07E-05,5.48E-06,-0.03341133,6.63E-05,-2.40E-06
3840.7506,0.002480989,5.75E-05,5.42E-06,-0.03326025,6.40E-05,-2.40E-06
3844.56465,0.003037214,6.43E-05,-5.40E-06,-0.033128976,6.17E-05,-2.40E-06
3848.3787,0.003688367,6.01E-05,-5.40E-06,-0.032973016,5.96E-05,-2.40E-06
3852.19275,0.004288935,5.58E-05,-5.40E-06,-0.032849821,5.72E-05,-2.40E-06
3856.0068,0.004840685,5.15E-05,-5.40E-06,-0.032685202,5.49E-05,-2.40E-06
3859.82086,0.00505365,4.72E-05,-5.40E-06,-0.032441049,5.26E-05,-2.40E-06
3863.63491,0.005000619,4.29E-05,-5.40E-06,-0.032173646,5.04E-05,-2.40E-06
3867.44896,0.004700422,3.85E-05,-5.40E-06,-0.03185685,4.81E-05,-2.40E-06
3871.26301,0.004490726,3.42E-05,-5.40E-06,-0.031473448,4.58E-05,-2.40E-06
3875.07707,0.004370298,2.98E-05,-2.10E-07,-0.031154116,4.35E-05,-2.40E-06
3878.89112,0.004716297,2.55E-05,7.54E-09,-0.030963481,4.12E-05,-2.40E-06
3882.70517,0.004731779,2.12E-05,4.91E-07,-0.030984792,3.89E-05,-2.40E-06
3886.51922,0.004589396,1.69E-05,5.07E-07,-0.031140976,3.66E-05,-2.40E-06
3890.33327,0.004606998,1.26E-05,5.07E-07,-0.031349812,3.43E-05,-2.40E-06
3894.14733,0.004635691,8.39E-06,5.07E-07,-0.031575817,3.58E-05,-2.40E-06
3897.96138,0.004568189,7.93E-06,5.14E-07,-0.031919047,3.74E-05,6.00E-06
3901.77543,0.004380586,7.64E-06,5.14E-07,-0.032302699,3.91E-05,6.62E-06
3905.58948,0.004331794,7.37E-06,5.14E-07,-0.03257487,4.07E-05,6.62E-06
3909.40354,0.004348308,7.09E-06,5.14E-07,-0.032601183,4.24E-05,6.62E-06
3913.21759,0.004424949,6.81E-06,5.14E-07,-0.032295858,4.41E-05,6.62E-06
3917.03164,0.00442272,6.53E-06,5.14E-07,-0.031853661,4.57E-05,6.62E-06
3920.84569,0.004405791,6.25E-06,5.14E-07,-0.031356122,4.74E-05,6.62E-06
3924.65974,0.004588752,5.97E-06,5.14E-07,-0.030755929,4.90E-05,6.62E-06
3928.4738,0.004697066,5.69E-06,5.04E-07,-0.029985249,5.07E-05,-6.15E-06
3932.28785,0.004731844,5.40E-06,5.03E-07,-0.029129121,4.47E-05,-7.47E-06
3936.1019,0.004829925,5.11E-06,4.39E-07,-0.028394853,3.79E-05,-7.47E-06
3939.91595,0.005016516,4.83E-06,4.33E-07,-0.027923797,3.11E-05,-7.47E-06
3943.73001,0.005019961,4.56E-06,4.33E-07,-0.027738882,2.44E-05,-7.47E-06
3947.54406,0.004998279,4.27E-06,4.33E-07,-0.02776508,1.76E-05,-7.47E-06
3951.35811,0.005013818,3.98E-06,4.33E-07,-0.028016104,1.08E-05,-7.47E-06
3955.17216,0.005023284,3.70E-06,4.33E-07,-0.02841324,3.99E-06,-7.47E-06
3958.98621,0.005021993,3.42E-06,4.33E-07,-0.028807225,-2.75E-06,-7.47E-06
3962.80027,0.004928938,3.13E-06,4.41E-07,-0.029077203,-9.64E-06,2.20E-06
3966.61432,0.0048739,2.84E-06,4.42E-07,-0.029237187,-1.65E-05,3.77E-06
3970.42837,0.004887205,2.56E-06,4.42E-07,-0.029516415,-1.25E-05,3.77E-06
3974.24242,0.005132669,2.28E-06,-1.55E-06,-0.029933531,-6.98E-06,3.77E-06
3978.05648,0.005464186,2.01E-06,-1.85E-06,-0.030285315,-1.53E-06,3.77E-06
3981.87053,0.005890108,1.73E-06,-1.85E-06,-0.030402325,4.02E-06,3.77E-06
3985.68458,0.006271698,1.46E-06,-1.85E-06,-0.030230659,9.60E-06,3.77E-06
3989.49863,0.006311833,1.18E-06,-1.85E-06,-0.029920413,1.51E-05,3.77E-06
3993.31268,0.006016064,9.09E-07,-1.85E-06,-0.029565468,2.07E-05,3.77E-06
3997.12674,0.005657359,6.34E-07,-1.85E-06,-0.029211934,2.63E-05,3.77E-06
4000.94079,0.005360071,3.64E-07,-1.85E-06,-0.028862998,3.17E-05,3.77E-06
4004.75484,0.005083577,9.01E-08,3.74E-07,-0.028556952,3.73E-05,3.77E-06
4008.56889,0.004906722,-1.82E-07,7.67E-07,-0.028327497,4.28E-05,-1.17E-07
4012.38295,0.004739799,-4.61E-07,7.66E-07,-0.028238301,4.83E-05,-9.10E-07
4016.197,0.004719659,-7.39E-07,7.66E-07,-0.028214397,5.40E-05,-9.10E-07
4020.01105,0.00482909,-1.02E-06,7.66E-07,-0.028103822,5.96E-05,-9.10E-07
4023.8251,0.005031118,-1.29E-06,7.66E-07,-0.027865044,6.50E-05,-9.10E-07
4027.63915,0.005245933,-1.56E-06,7.66E-07,-0.027548732,7.06E-05,-9.10E-07
4031.45321,0.00526426,-1.85E-06,7.66E-07,-0.027203855,6.79E-05,-9.10E-07
4035.26726,0.005018956,-2.13E-06,7.66E-07,-0.026817435,6.35E-05,-9.10E-07
4039.08131,0.004717378,-2.42E-06,7.66E-07,-0.026452724,5.90E-05,-9.10E-07
4042.89536,0.004477225,-2.69E-06,7.66E-07,-0.026188048,5.46E-05,-9.10E-07
4046.70942,0.004434573,-2.97E-06,7.66E-07,-0.026064783,5.02E-05,-9.10E-07
4050.52347,0.004508666,-3.25E-06,7.66E-07,-0.025998188,4.57E-05,-9.10E-07
4054.33752,0.004607287,-3.54E-06,7.66E-07,-0.025900491,4.12E-05,-9.10E-07
4058.15157,0.00471071,-3.81E-06,7.66E-07,-0.025767884,3.68E-05,-9.10E-07
4061.96563,0.005057136,-4.09E-06,-4.36E-07,-0.025854702,3.23E-05,-9.08E-07
4065.77968,0.005520038,-4.38E-06,-7.92E-07,-0.026099618,2.78E-05,-9.08E-07
4069.59373,0.005830296,-4.65E-06,-7.92E-07,-0.026405878,2.35E-05,-9.08E-07
4073.40778,0.005878443,-4.94E-06,-7.93E-07,-0.02670023,1.90E-05,-9.08E-07
4077.22183,0.00583752,-5.23E-06,-7.93E-07,-0.026727844,1.45E-05,-9.07E-07
4081.03589,0.005546229,-5.52E-06,-7.93E-07,-0.026537968,1.00E-05,-9.07E-07
4084.84994,0.005122607,-5.81E-06,-7.93E-07,-0.026335404,5.52E-06,-9.07E-07
4088.66399,0.00487956,-6.10E-06,-2.09E-07,-0.026096353,1.05E-06,-9.08E-07
4092.47804,0.004804336,-6.40E-06,-3.36E-08,-0.025845283,-3.42E-06,-9.09E-07
4096.2921,0.004763589,-6.70E-06,-3.88E-08,-0.025642905,-1.14E-05,-2.32E-06
4100.10615,0.004624097,-7.01E-06,-4.12E-08,-0.025645627,-2.06E-05,-2.78E-06
4103.9202,0.004365644,-6.31E-06,-4.22E-08,-0.025874518,-2.97E-05,-2.78E-06
4107.73425,0.004234002,-5.25E-06,-4.33E-08,-0.026140614,-3.90E-05,-2.78E-06
4111.5483,0.004343276,-4.20E-06,-4.43E-08,-0.026337279,-4.82E-05,-2.78E-06
4115.36236,0.004547282,-3.15E-06,-4.55E-08,-0.026428879,-5.74E-05,-2.78E-06
4119.17641,0.004724351,-2.10E-06,-4.67E-08,-0.026513676,-6.68E-05,-2.78E-06
4122.99046,0.004842162,-1.06E-06,-4.80E-08,-0.02666086,-7.61E-05,-2.78E-06
4126.80451,0.00505841,-5.06E-08,-4.93E-08,-0.026790926,-8.53E-05,-2.78E-06
4130.61857,0.005202905,9.55E-07,-5.07E-08,-0.026929052,-9.45E-05,-2.78E-06
4134.43262,0.00515945,1.96E-06,-5.21E-08,-0.027100612,-0.000103846,-2.78E-06
4138.24667,0.004985353,2.95E-06,-5.36E-08,-0.027420378,-0.000113157,-2.78E-06
4142.06072,0.00481821,4.47E-06,-5.52E-08,-0.027980801,-0.000122467,-2.78E-06
4145.87477,0.004614081,6.21E-06,-5.68E-08,-0.028675225,-0.000131764,-2.78E-06
4149.68883,0.004491203,7.93E-06,-5.85E-08,-0.029349874,-0.000141057,-2.78E-06
4153.50288,0.004431092,9.67E-06,-6.02E-08,-0.029995899,-0.000150346,-2.78E-06
4157.31693,0.004379046,1.15E-05,3.40E-09,-0.030528251,-0.000140865,2.94E-06
4161.13098,0.00430045,1.35E-05,9.31E-07,-0.030863155,-0.000123863,5.31E-06
4164.94504,0.004222105,1.55E-05,1.32E-06,-0.03109679,-0.00010706,5.30E-06
4168.75909,0.004297609,1.75E-05,1.32E-06,-0.031416509,-8.99E-05,5.30E-06
4172.57314,0.004585869,1.96E-05,1.32E-06,-0.031822109,-7.29E-05,5.30E-06
4176.38719,0.004751918,2.17E-05,1.33E-06,-0.032220606,-5.56E-05,5.30E-06
4180.20124,0.004743299,2.38E-05,3.07E-06,-0.032501806,-3.83E-05,5.27E-06
4184.0153,0.004446465,2.60E-05,3.94E-06,-0.032647166,-2.10E-05,5.26E-06
4187.82935,0.004307277,2.81E-05,3.95E-06,-0.032774575,-4.12E-06,5.26E-06
4191.6434,0.004468615,3.03E-05,3.95E-06,-0.032841076,1.30E-05,5.25E-06
4195.45745,0.004625256,3.25E-05,3.95E-06,-0.032781175,3.02E-05,5.25E-06
4199.27151,0.004676549,3.47E-05,3.96E-06,-0.032584989,4.75E-05,5.25E-06
4203.08556,0.004889902,3.70E-05,3.96E-06,-0.03227708,6.46E-05,5.25E-06
4206.89961,0.005204926,2.14E-05,3.96E-06,-0.031876524,8.18E-05,5.24E-06
4210.71366,0.005638665,-3.83E-06,3.97E-06,-0.031328876,9.94E-05,5.24E-06
4214.52771,0.006166014,-2.95E-05,-1.57E-05,-0.030732678,0.000105056,1.26E-06
4218.34177,0.006557759,-5.52E-05,-2.63E-05,-0.030153754,0.000103994,-8.88E-07
4222.15582,0.006575682,-8.10E-05,-2.63E-05,-0.029755074,0.000102952,-8.77E-07
4225.96987,0.006111897,-0.000106772,-2.63E-05,-0.029534852,0.00010191,-8.67E-07
4229.78392,0.005526281,-0.000132532,-2.63E-05,-0.029479185,0.000100899,-8.57E-07
4233.59798,0.004636484,-0.000158218,-2.63E-05,-0.029403118,9.99E-05,-8.48E-07
4237.41203,0.003156311,-0.000183869,4.99E-06,-0.029096062,9.89E-05,-1.56E-06
4241.22608,0.001740041,-0.000177338,2.03E-05,-0.028577127,9.72E-05,-1.91E-06
4245.04013,0.000529596,-0.000155193,2.03E-05,-0.02794088,9.52E-05,-1.91E-06
4248.85418,-0.000436164,-0.000133419,2.03E-05,-0.027327804,9.31E-05,-1.92E-06
4252.66824,-0.001024942,-0.000111487,2.03E-05,-0.026812276,9.10E-05,-1.92E-06
4256.48229,-0.001080633,-8.93E-05,2.03E-05,-0.026272534,8.89E-05,-1.92E-06
4260.29634,-0.000670128,-6.71E-05,2.03E-05,-0.025729284,8.68E-05,-1.93E-06
4264.11039,-0.000245604,-4.53E-05,5.97E-06,-0.025235407,8.47E-05,-1.58E-06
4267.92445,0.000147553,-2.33E-05,-1.47E-06,-0.024833465,8.25E-05,-1.40E-06
4271.7385,0.000453549,-1.16E-06,-1.47E-06,-0.024510007,8.03E-05,-1.40E-06
4275.55255,0.000653133,2.11E-05,-1.47E-06,-0.024225345,7.82E-05,-1.40E-06
4279.3666,0.000588823,3.07E-05,-1.26E-06,-0.023884069,7.64E-05,7.39E-06
4283.18065,0.000546537,3.47E-05,-1.05E-06,-0.023388674,0.000120612,1.62E-05
4286.99471,0.000549533,3.93E-05,-9.95E-07,-0.02271926,0.00018631,1.84E-05
4290.80876,0.000500224,4.39E-05,-9.97E-07,-0.021868643,0.000252361,1.84E-05
4294.62281,0.000574774,4.85E-05,-1.79E-07,-0.020805595,0.000318847,1.84E-05
4298.43686,0.000762959,5.31E-05,2.52E-07,-0.019487207,0.000385545,1.84E-05
4302.25092,0.000938541,5.76E-05,2.49E-07,-0.017937892,0.000452652,1.84E-05
4306.06497,0.001216013,6.20E-05,2.44E-07,-0.016197541,0.000518246,1.84E-05
4309.87902,0.001418391,6.58E-05,2.22E-07,-0.014333229,0.000584105,1.84E-05
4313.69307,0.001463398,6.86E-05,1.75E-07,-0.012410089,0.000649487,1.84E-05
4317.50712,0.001491427,7.00E-05,1.02E-07,-0.010332359,0.000715818,1.84E-05
4321.32118,0.001666472,7.00E-05,6.33E-09,-0.00809442,0.000783027,1.84E-05
4325.13523,0.002014694,6.90E-05,-9.61E-08,-0.00578997,0.000849848,1.84E-05
4328.94928,0.002369605,6.04E-05,-1.93E-07,-0.003572353,0.000916699,1.84E-05
4332.76333,0.002697075,4.26E-05,-1.42E-06,-0.001526638,0.000961807,1.68E-06
4336.57739,0.002877926,2.34E-05,-2.84E-06,0.000363525,0.000842953,-4.22E-05
4340.39144,0.002869241,6.50E-06,-3.11E-06,0.002057312,0.000611226,-6.68E-05
4344.20549,0.002796132,-8.26E-06,-2.83E-06,0.003476312,0.000379527,-6.68E-05
4348.01954,0.002698185,-2.11E-05,-2.57E-06,0.004477764,0.000146519,-6.68E-05
4351.83359,0.002626205,-3.20E-05,-2.34E-06,0.004876705,-8.23E-05,-6.68E-05
4355.64765,0.002467075,-4.13E-05,-2.12E-06,0.004543302,-0.000310831,-6.68E-05
4359.4617,0.002139802,-4.93E-05,-1.92E-06,0.003415029,-0.000540077,-6.68E-05
4363.27575,0.001696098,-5.62E-05,-1.74E-06,0.001537682,-0.000770008,-6.68E-05
4367.0898,0.001360625,-6.22E-05,-2.30E-06,-0.00098754,-0.001000823,-4.82E-05
4370.90386,0.001141631,-7.28E-05,-3.88E-06,-0.004022693,-0.001096088,-5.23E-06
4374.71791,0.000757031,-9.04E-05,-4.93E-06,-0.007399527,-0.001027531,2.11E-05
4378.53196,0.000361682,-0.000109154,-4.95E-06,-0.010640674,-0.000958722,2.11E-05
4382.34601,-9.38E-05,-0.000129437,-4.93E-06,-0.01336174,-0.000890106,2.11E-05
4386.16006,-0.000865495,-0.00015043,-4.88E-06,-0.01556802,-0.000821781,2.11E-05
4389.97412,-0.001696776,-0.000171392,-4.83E-06,-0.01743201,-0.000753186,2.11E-05
4393.78817,-0.002415872,-0.000192081,-4.78E-06,-0.019093827,-0.000684386,2.11E-05
4397.60222,-0.003013434,-0.000212238,-5.24E-06,-0.020753707,-0.000616228,2.11E-05
4401.41627,-0.003497013,-0.000232059,-5.82E-06,-0.022609679,-0.000548062,2.11E-05
4405.23033,-0.00411872,-0.000251882,-5.77E-06,-0.024648068,-0.000478668,2.12E-05
4409.04438,-0.00501278,-0.00027141,-5.72E-06,-0.026628449,-0.000409064,2.12E-05
4412.85843,-0.006136874,-0.000290403,-5.67E-06,-0.028223064,-0.000340087,2.12E-05
4416.67248,-0.007434079,-0.000309001,-5.61E-06,-0.029318475,-0.000271191,2.12E-05
4420.48653,-0.008956214,-0.000327534,-5.56E-06,-0.030144526,-0.000201182,2.11E-05
4424.30059,-0.010409097,-0.000345714,-5.39E-06,-0.030872691,-0.000131118,1.19E-05
4428.11464,-0.011823512,-0.000363535,-5.21E-06,-0.031560225,-6.10E-05,6.17E-07
4431.92869,-0.013295414,-0.000380738,-4.81E-06,-0.032175372,-2.05E-05,6.34E-07
4435.74274,-0.014754636,-0.000397233,1.96E-06,-0.032685164,-1.69E-05,6.84E-07
4439.5568,-0.016257673,-0.000395751,9.53E-06,-0.033003389,-1.46E-05,7.20E-07
4443.37085,-0.017614503,-0.000362466,9.53E-06,-0.033061454,-1.23E-05,6.95E-07
4447.1849,-0.018613836,-0.000317533,9.53E-06,-0.032953576,-1.00E-05,6.71E-07
4450.99895,-0.019441506,-0.000273256,9.53E-06,-0.03281191,-8.02E-06,6.46E-07
4454.813,-0.02024531,-0.0002292,9.53E-06,-0.032696915,-6.29E-06,6.23E-07
4458.62706,-0.020958293,-0.000185142,9.54E-06,-0.032629902,-4.77E-06,5.99E-07
4462.44111,-0.021622699,-0.000141333,9.54E-06,-0.032664278,-3.48E-06,5.74E-07
4466.25516,-0.022256828,-9.67E-05,9.54E-06,-0.032835417,-2.40E-06,5.50E-07
4470.06921,-0.022909042,-5.18E-05,1.12E-05,-0.033147264,-1.54E-06,4.97E-07
4473.88327,-0.023442926,-7.43E-06,1.32E-05,-0.033500643,-9.13E-07,4.34E-07
4477.69732,-0.023750382,3.66E-05,1.32E-05,-0.033756434,-5.11E-07,4.01E-07
4481.51137,-0.023791622,8.11E-05,1.32E-05,-0.033992629,-3.22E-07,3.68E-07
4485.32542,-0.023428606,0.00012555,1.32E-05,-0.034239194,-3.62E-07,3.35E-07
4489.13947,-0.022844762,0.000169851,1.32E-05,-0.034346694,-6.19E-07,3.03E-07
4492.95353,-0.022048093,0.00021407,1.32E-05,-0.034197484,-1.08E-06,2.71E-07
4496.76758,-0.020952042,0.000258256,1.32E-05,-0.033886321,-1.75E-06,2.39E-07
4500.58163,-0.019879233,0.000302427,1.32E-05,-0.033662211,-2.63E-06,2.08E-07
4504.39568,-0.018858609,0.000346104,1.32E-05,-0.033616876,-3.68E-06,1.77E-07
4508.20974,-0.017608802,0.000389584,1.32E-05,-0.033578138,-4.89E-06,1.47E-07
4512.02379,-0.016236334,0.000433329,1.32E-05,-0.03348887,-5.92E-06,1.30E-07
4515.83784,-0.014699902,0.000476907,1.32E-05,-0.03336618,-5.99E-06,1.42E-07
4519.65189,-0.012852364,0.000520373,1.32E-05,-0.033262263,-5.09E-06,1.77E-07
4523.46594,-0.010849355,0.000562242,1.32E-05,-0.033221089,-3.58E-06,2.18E-07
4527.28,-0.008776596,0.000604026,1.32E-05,-0.033161588,-1.44E-06,2.67E-07
4531.09405,-0.006577966,0.00064684,1.32E-05,-0.033149259,1.35E-06,3.24E-07
4534.9081,-0.001624786,0.000772155,4.19E-08,-0.033680955,1.40E-05,6.79E-07
4538.72215,0.00233788,0.000794223,3.97E-08,-0.034025513,1.70E-05,6.79E-07
4542.53621,0.008651608,0.000808758,4.06E-08,-0.034589899,1.71E-05,6.79E-07
